theta_deg,u_D_meV,fit_status,rmse_cG_fit,valid_fit,phase_grey_mask
2.0,0.0,fit_ok_best5,5.711248998140196e-05,True,False
2.0,0.5,fit_ok_best5,9.260508147324013e-05,True,False
2.0,1.0,fit_ok_best5,8.75124243207348e-06,True,False
2.0,1.5,fit_ok_best5,1.0409537823381404e-05,True,False
2.0,2.0,fit_ok_best5,1.2728154781663132e-06,True,False
2.0,2.5,fit_ok_best5,1.0808002324012491e-06,True,False
2.0,3.0,fit_ok_best5,1.321588360359445e-06,True,False
2.0,3.5,fit_ok_best5,2.6806287370338513e-07,True,False
2.0,4.0,fit_ok_best5,2.2748768521769906e-07,True,False
2.0,4.5,fit_ok_best5,2.0702109810034878e-07,True,False
2.0,5.0,fit_ok_best5,1.7009097216481535e-06,True,False
2.0,5.5,fit_ok_best5,1.2178479967222458e-07,True,False
2.0,6.0,fit_ok_best5,1.122699141031715e-07,True,False
2.0,6.5,fit_ok_best5,2.89233429785911e-07,True,False
2.0,7.0,fit_ok_best5,6.585509728814727e-07,True,False
2.0,7.5,fit_ok_best5,2.958987635092967e-07,True,False
2.0,8.0,fit_ok_best5,3.029088759904716e-07,True,False
2.0,8.5,fit_ok_best5,4.008056589615079e-07,True,False
2.0,9.0,fit_ok_best5,3.2474702876080045e-07,True,False
2.0,9.5,fit_ok_best5,2.725607553505241e-07,True,False
2.0,10.0,fit_ok_best5,2.831172880831225e-07,True,False
2.0,10.5,fit_ok_best5,2.69570515658762e-07,True,False
2.0,11.0,fit_ok_best5,2.015341143826693e-07,True,False
2.0,11.5,fit_ok_best5,2.52498660267669e-07,True,False
2.0,12.0,fit_ok_best5,2.0033060112130754e-07,True,False
2.0,12.5,fit_ok_best5,2.0011097276977427e-07,True,False
2.0,13.0,fit_ok_best5,1.9276617817754399e-07,True,False
2.0,13.5,fit_ok_best5,1.8440573307497266e-07,True,False
2.0,14.0,fit_ok_best5,1.7649437718664737e-07,True,False
2.0,14.5,fit_ok_best5,1.6921055510193173e-07,True,False
2.0,15.0,fit_ok_best5,1.625163814275215e-07,True,False
2.0,15.5,fit_ok_best5,1.5634834903026646e-07,True,False
2.0,16.0,fit_ok_best5,1.506478187759476e-07,True,False
2.0,16.5,fit_ok_best5,1.453643111088231e-07,True,False
2.0,17.0,fit_ok_best5,1.404545791111992e-07,True,False
2.0,17.5,fit_ok_best5,1.358813230446743e-07,True,False
2.0,18.0,fit_ok_best5,1.3161215019403496e-07,True,False
2.0,18.5,fit_ok_best5,1.2761871984715525e-07,True,False
2.0,19.0,fit_ok_best5,1.2387611592263449e-07,True,False
2.0,19.5,fit_ok_best5,1.2036232569999133e-07,True,False
2.0,20.0,fit_ok_best5,1.170578159719704e-07,True,False
2.05,0.0,fit_ok_best5,0.0001421044262225,True,False
2.05,0.5,fit_ok_best5,8.365360773425824e-05,True,False
2.05,1.0,fit_ok_best5,7.236600555741212e-06,True,False
2.05,1.5,fit_ok_best5,1.975183862712796e-06,True,False
2.05,2.0,fit_ok_best5,4.657540218382136e-07,True,False
2.05,2.5,fit_ok_best5,9.761915091605935e-07,True,False
2.05,3.0,fit_ok_best5,1.230318489934877e-06,True,False
2.05,3.5,fit_ok_best5,5.760384878429225e-07,True,False
2.05,4.0,fit_ok_best5,2.1827030900019187e-07,True,False
2.05,4.5,fit_ok_best5,1.907032313996377e-07,True,False
2.05,5.0,fit_ok_best5,2.2368496732522833e-06,True,False
2.05,5.5,fit_ok_best5,2.044955881042372e-07,True,False
2.05,6.0,fit_ok_best5,8.609490985009541e-08,True,False
2.05,6.5,fit_ok_best5,1.895936037319278e-07,True,False
2.05,7.0,fit_ok_best5,5.544363730000648e-07,True,False
2.05,7.5,fit_ok_best5,4.479526592194699e-07,True,False
2.05,8.0,fit_ok_best5,2.3621554510536433e-07,True,False
2.05,8.5,fit_ok_best5,3.620614546637989e-07,True,False
2.05,9.0,fit_ok_best5,4.469563133997183e-07,True,False
2.05,9.5,fit_ok_best5,3.147993527709544e-07,True,False
2.05,10.0,fit_ok_best5,3.089188393366561e-07,True,False
2.05,10.5,fit_ok_best5,3.1443302985252264e-07,True,False
2.05,11.0,fit_ok_best5,3.044454718473684e-07,True,False
2.05,11.5,fit_ok_best5,1.8314951417123897e-07,True,False
2.05,12.0,fit_ok_best5,2.813813182289244e-07,True,False
2.05,12.5,fit_ok_best5,2.230429472661243e-07,True,False
2.05,13.0,fit_ok_best5,2.232518670073694e-07,True,False
2.05,13.5,fit_ok_best5,2.1580830931072105e-07,True,False
2.05,14.0,fit_ok_best5,2.0699549227868717e-07,True,False
2.05,14.5,fit_ok_best5,1.985391789498282e-07,True,False
2.05,15.0,fit_ok_best5,1.907048533260201e-07,True,False
2.05,15.5,fit_ok_best5,1.8347741140244174e-07,True,False
2.05,16.0,fit_ok_best5,1.7679838516984028e-07,True,False
2.05,16.5,fit_ok_best5,1.706096178322766e-07,True,False
2.05,17.0,fit_ok_best5,1.6485992966005208e-07,True,False
2.05,17.5,fit_ok_best5,1.59505114070134e-07,True,False
2.05,18.0,fit_ok_best5,1.545068663928667e-07,True,False
2.05,18.5,fit_ok_best5,1.498317800948195e-07,True,False
2.05,19.0,fit_ok_best5,1.45450542892957e-07,True,False
2.05,19.5,fit_ok_best5,1.4133729759999365e-07,True,False
2.05,20.0,fit_ok_best5,1.3746912838749326e-07,True,False
2.1,0.0,fit_ok_best5,2.558056086568855e-05,True,False
2.1,0.5,fit_ok_best5,0.0002641100151667,True,False
2.1,1.0,fit_ok_best5,0.0002995367986004,True,False
2.1,1.5,fit_ok_best5,1.4567684126333574e-06,True,False
2.1,2.0,fit_ok_best5,1.3469663264497351e-06,True,False
2.1,2.5,fit_ok_best5,2.106902075944826e-06,True,False
2.1,3.0,fit_ok_best5,2.298933373937004e-06,True,False
2.1,3.5,fit_ok_best5,5.855291688927722e-07,True,False
2.1,4.0,fit_ok_best5,4.259359080540291e-07,True,False
2.1,4.5,fit_ok_best5,1.4195363851287158e-07,True,False
2.1,5.0,fit_ok_best5,2.9454120028786005e-06,True,False
2.1,5.5,fit_ok_best5,4.057716000602836e-07,True,False
2.1,6.0,fit_ok_best5,1.8780672496567374e-07,True,False
2.1,6.5,fit_ok_best5,6.658695839062132e-08,True,False
2.1,7.0,fit_ok_best5,3.199678499031706e-07,True,False
2.1,7.5,fit_ok_best5,7.861002674391713e-07,True,False
2.1,8.0,fit_ok_best5,1.9174286561448946e-07,True,False
2.1,8.5,fit_ok_best5,3.032403877025939e-07,True,False
2.1,9.0,fit_ok_best5,4.335663619364047e-07,True,False
2.1,9.5,fit_ok_best5,4.4849090266887635e-07,True,False
2.1,10.0,fit_ok_best5,3.12750148363011e-07,True,False
2.1,10.5,fit_ok_best5,3.569358917852016e-07,True,False
2.1,11.0,fit_ok_best5,3.4431661161799666e-07,True,False
2.1,11.5,fit_ok_best5,3.399528392695937e-07,True,False
2.1,12.0,fit_ok_best5,1.96967317667238e-07,True,False
2.1,12.5,fit_ok_best5,3.116569000271916e-07,True,False
2.1,13.0,fit_ok_best5,2.4662427129567517e-07,True,False
2.1,13.5,fit_ok_best5,2.47712759853071e-07,True,False
2.1,14.0,fit_ok_best5,2.404570066953868e-07,True,False
2.1,14.5,fit_ok_best5,2.312744154891924e-07,True,False
2.1,15.0,fit_ok_best5,2.2229067059292175e-07,True,False
2.1,15.5,fit_ok_best5,2.1390390329585693e-07,True,False
2.1,16.0,fit_ok_best5,2.061352682642234e-07,True,False
2.1,16.5,fit_ok_best5,1.98935295915659e-07,True,False
2.1,17.0,fit_ok_best5,1.922474477533701e-07,True,False
2.1,17.5,fit_ok_best5,1.8602023197523206e-07,True,False
2.1,18.0,fit_ok_best5,1.8020861494711457e-07,True,False
2.1,18.5,fit_ok_best5,1.747733275531183e-07,True,False
2.1,19.0,fit_ok_best5,1.6968002830381874e-07,True,False
2.1,19.5,fit_ok_best5,1.6489847628523398e-07,True,False
2.1,20.0,fit_ok_best5,1.6040190935847813e-07,True,False
2.15,0.0,fit_ok_best5,9.250892065879072e-05,True,False
2.15,0.5,fit_ok_best5,0.0001442804367364,True,False
2.15,1.0,fit_ok_best5,0.0003852593101878,True,False
2.15,1.5,fit_ok_best5,3.271844405390698e-06,True,False
2.15,2.0,fit_ok_best5,2.5324971966031432e-06,True,False
2.15,2.5,fit_ok_best5,3.4755606059940846e-06,True,False
2.15,3.0,fit_ok_best5,2.232954943866102e-06,True,False
2.15,3.5,fit_ok_best5,6.907095621668778e-07,True,False
2.15,4.0,fit_ok_best5,8.192542077662486e-07,True,False
2.15,4.5,fit_ok_best5,6.828652085578531e-07,True,False
2.15,5.0,fit_ok_best5,3.6815004678727594e-06,True,False
2.15,5.5,fit_ok_best5,7.25111418929266e-07,True,False
2.15,6.0,fit_ok_best5,3.517122628829747e-07,True,False
2.15,6.5,fit_ok_best5,3.343641940947788e-08,True,False
2.15,7.0,fit_ok_best5,9.396354910936897e-08,True,False
2.15,7.5,fit_ok_best5,1.0274195321575803e-06,True,False
2.15,8.0,fit_ok_best5,3.41054182595549e-07,True,False
2.15,8.5,fit_ok_best5,1.912669630271796e-07,True,False
2.15,9.0,fit_ok_best5,3.6227804322852513e-07,True,False
2.15,9.5,fit_ok_best5,5.158610379764512e-07,True,False
2.15,10.0,fit_ok_best5,4.194643513308383e-07,True,False
2.15,10.5,fit_ok_best5,3.3223408996378745e-07,True,False
2.15,11.0,fit_ok_best5,4.1067169465794265e-07,True,False
2.15,11.5,fit_ok_best5,3.7367392490109025e-07,True,False
2.15,12.0,fit_ok_best5,3.735059765489705e-07,True,False
2.15,12.5,fit_ok_best5,2.226591539159501e-07,True,False
2.15,13.0,fit_ok_best5,3.42432518976291e-07,True,False
2.15,13.5,fit_ok_best5,2.711189571292745e-07,True,False
2.15,14.0,fit_ok_best5,2.733503334704318e-07,True,False
2.15,14.5,fit_ok_best5,2.666734035885429e-07,True,False
2.15,15.0,fit_ok_best5,2.572550718224593e-07,True,False
2.15,15.5,fit_ok_best5,2.477814382855765e-07,True,False
2.15,16.0,fit_ok_best5,2.3884847732784143e-07,True,False
2.15,16.5,fit_ok_best5,2.305347665793248e-07,True,False
2.15,17.0,fit_ok_best5,2.2280643409371986e-07,True,False
2.15,17.5,fit_ok_best5,2.1561066496641267e-07,True,False
2.15,18.0,fit_ok_best5,2.0889634697241042e-07,True,False
2.15,18.5,fit_ok_best5,2.0261783678844665e-07,True,False
2.15,19.0,fit_ok_best5,1.9673504880842633e-07,True,False
2.15,19.5,fit_ok_best5,1.9121273612671266e-07,True,False
2.15,20.0,fit_ok_best5,1.860197777777187e-07,True,False
2.2,0.0,fit_ok_best5,0.0001502826699861,True,False
2.2,0.5,fit_ok_best5,0.0002464807132687,True,False
2.2,1.0,fit_ok_best5,0.0003099988632532,True,False
2.2,1.5,fit_ok_best5,0.0002255977087624,True,False
2.2,2.0,fit_ok_best5,4.24536233529101e-06,True,False
2.2,2.5,fit_ok_best5,3.781759798501085e-06,True,False
2.2,3.0,fit_ok_best5,2.20319838842468e-06,True,False
2.2,3.5,fit_ok_best5,9.251623845471736e-07,True,False
2.2,4.0,fit_ok_best5,1.1299619214131035e-06,True,False
2.2,4.5,fit_ok_best5,1.3399463818555442e-06,True,False
2.2,5.0,fit_ok_best5,2.793373378253993e-06,True,False
2.2,5.5,fit_ok_best5,1.0047186083647945e-06,True,False
2.2,6.0,fit_ok_best5,3.942689569234977e-07,True,False
2.2,6.5,fit_ok_best5,8.125761162576788e-08,True,False
2.2,7.0,fit_ok_best5,1.2035285138497958e-07,True,False
2.2,7.5,fit_ok_best5,6.251698692509151e-07,True,False
2.2,8.0,fit_ok_best5,8.228236181367512e-07,True,False
2.2,8.5,fit_ok_best5,3.527690342983597e-08,True,False
2.2,9.0,fit_ok_best5,2.0550051187411255e-07,True,False
2.2,9.5,fit_ok_best5,3.847240635566587e-07,True,False
2.2,10.0,fit_ok_best5,6.574041166994889e-07,True,False
2.2,10.5,fit_ok_best5,3.791227901000101e-07,True,False
2.2,11.0,fit_ok_best5,3.742209734812252e-07,True,False
2.2,11.5,fit_ok_best5,4.596559691730946e-07,True,False
2.2,12.0,fit_ok_best5,4.035680628580717e-07,True,False
2.2,12.5,fit_ok_best5,4.03318527064345e-07,True,False
2.2,13.0,fit_ok_best5,2.738938953520225e-07,True,False
2.2,13.5,fit_ok_best5,3.743746103443556e-07,True,False
2.2,14.0,fit_ok_best5,2.968842565857149e-07,True,False
2.2,14.5,fit_ok_best5,2.999436847904169e-07,True,False
2.2,15.0,fit_ok_best5,2.943706073660346e-07,True,False
2.2,15.5,fit_ok_best5,2.8492744763399765e-07,True,False
2.2,16.0,fit_ok_best5,2.750325101161092e-07,True,False
2.2,16.5,fit_ok_best5,2.6557218207808997e-07,True,False
2.2,17.0,fit_ok_best5,2.567152566607405e-07,True,False
2.2,17.5,fit_ok_best5,2.484543720774312e-07,True,False
2.2,18.0,fit_ok_best5,2.407441195872277e-07,True,False
2.2,18.5,fit_ok_best5,2.3353497658065146e-07,True,False
2.2,19.0,fit_ok_best5,2.2678118799806137e-07,True,False
2.2,19.5,fit_ok_best5,2.2044200658740166e-07,True,False
2.2,20.0,fit_ok_best5,2.1448139228008157e-07,True,False
2.25,0.0,fit_ok_best5,3.1154369716007314e-05,True,False
2.25,0.5,fit_ok_best5,0.0001116123127359,True,False
2.25,1.0,fit_ok_best5,0.0001924251404623,True,False
2.25,1.5,fit_ok_best5,0.0004623646964939,True,False
2.25,2.0,fit_ok_best5,5.942108542853466e-06,True,False
2.25,2.5,fit_ok_best5,4.117020621688574e-06,True,False
2.25,3.0,fit_ok_best5,2.3995883988843955e-06,True,False
2.25,3.5,fit_ok_best5,1.2549322428434929e-06,True,False
2.25,4.0,fit_ok_best5,1.3505432404374457e-06,True,False
2.25,4.5,fit_ok_best5,1.616691366088905e-06,True,False
2.25,5.0,fit_ok_best5,2.961907399033337e-06,True,False
2.25,5.5,fit_ok_best5,1.5502513803270403e-06,True,False
2.25,6.0,fit_ok_best5,1.808588217006693e-07,True,False
2.25,6.5,fit_ok_best5,1.507634095446836e-07,True,False
2.25,7.0,fit_ok_best5,1.8382682595782258e-07,True,False
2.25,7.5,fit_ok_best5,1.5896497504367284e-07,True,False
2.25,8.0,fit_ok_best5,1.5913762553930846e-06,True,False
2.25,8.5,fit_ok_best5,2.106494397000789e-07,True,False
2.25,9.0,fit_ok_best5,1.0130653097437741e-07,True,False
2.25,9.5,fit_ok_best5,2.757004816922923e-07,True,False
2.25,10.0,fit_ok_best5,4.3780202512183754e-07,True,False
2.25,10.5,fit_ok_best5,6.365398530610001e-07,True,False
2.25,11.0,fit_ok_best5,3.452313712078893e-07,True,False
2.25,11.5,fit_ok_best5,4.3304238277918146e-07,True,False
2.25,12.0,fit_ok_best5,5.147339462858572e-07,True,False
2.25,12.5,fit_ok_best5,4.351327359215325e-07,True,False
2.25,13.0,fit_ok_best5,4.2843206056859483e-07,True,False
2.25,13.5,fit_ok_best5,3.780498902499334e-07,True,False
2.25,14.0,fit_ok_best5,4.109034220172998e-07,True,False
2.25,14.5,fit_ok_best5,3.251088649978884e-07,True,False
2.25,15.0,fit_ok_best5,3.2720179083729514e-07,True,False
2.25,15.5,fit_ok_best5,3.233934872959177e-07,True,False
2.25,16.0,fit_ok_best5,3.142476436028268e-07,True,False
2.25,16.5,fit_ok_best5,3.040481429415866e-07,True,False
2.25,17.0,fit_ok_best5,2.94099068862883e-07,True,False
2.25,17.5,fit_ok_best5,2.8470948660930113e-07,True,False
2.25,18.0,fit_ok_best5,2.759163439359127e-07,True,False
2.25,18.5,fit_ok_best5,2.6768780825029424e-07,True,False
2.25,19.0,fit_ok_best5,2.599782215374562e-07,True,False
2.25,19.5,fit_ok_best5,2.5274253148624773e-07,True,False
2.25,20.0,fit_ok_best5,2.459396932465366e-07,True,False
2.3,0.0,fit_ok_best5,7.801906915698656e-05,True,False
2.3,0.5,fit_ok_best5,0.0001839057431165,True,False
2.3,1.0,fit_ok_best5,6.265491685355259e-05,True,False
2.3,1.5,fit_ok_best5,0.0001247484081396,True,False
2.3,2.0,fit_ok_best5,0.0002454977762817,True,False
2.3,2.5,fit_ok_best5,4.66697350171727e-06,True,False
2.3,3.0,fit_ok_best5,2.8114387753657184e-06,True,False
2.3,3.5,fit_ok_best5,1.668166131572598e-06,True,False
2.3,4.0,fit_ok_best5,1.5846069674452592e-06,True,False
2.3,4.5,fit_ok_best5,1.7259738047491787e-06,True,False
2.3,5.0,fit_ok_best5,2.7308897552773323e-06,True,False
2.3,5.5,fit_ok_best5,2.1452088181316016e-06,True,False
2.3,6.0,fit_ok_best5,4.144564990397393e-07,True,False
2.3,6.5,fit_ok_best5,3.709405996121806e-07,True,False
2.3,7.0,fit_ok_best5,2.573089367729725e-07,True,False
2.3,7.5,fit_ok_best5,3.2976705102875673e-07,True,False
2.3,8.0,fit_ok_best5,1.132904118629676e-06,True,False
2.3,8.5,fit_ok_best5,8.99618202876371e-07,True,False
2.3,9.0,fit_ok_best5,2.263922728193386e-07,True,False
2.3,9.5,fit_ok_best5,3.1421605324181166e-08,True,False
2.3,10.0,fit_ok_best5,2.9047282029551597e-07,True,False
2.3,10.5,fit_ok_best5,6.136549435519734e-07,True,False
2.3,11.0,fit_ok_best5,5.883423759700217e-07,True,False
2.3,11.5,fit_ok_best5,3.303018307963394e-07,True,False
2.3,12.0,fit_ok_best5,4.402535541622912e-07,True,False
2.3,12.5,fit_ok_best5,5.667969330349291e-07,True,False
2.3,13.0,fit_ok_best5,4.698037520089352e-07,True,False
2.3,13.5,fit_ok_best5,4.485542831109339e-07,True,False
2.3,14.0,fit_ok_best5,4.885060874786222e-07,True,False
2.3,14.5,fit_ok_best5,4.6146013260297227e-07,True,False
2.3,15.0,fit_ok_best5,3.5889637609982834e-07,True,False
2.3,15.5,fit_ok_best5,3.548295269342398e-07,True,False
2.3,16.0,fit_ok_best5,3.534948323376667e-07,True,False
2.3,16.5,fit_ok_best5,3.451213186180627e-07,True,False
2.3,17.0,fit_ok_best5,3.348076644906798e-07,True,False
2.3,17.5,fit_ok_best5,3.244398175446112e-07,True,False
2.3,18.0,fit_ok_best5,3.1454187866899233e-07,True,False
2.3,18.5,fit_ok_best5,3.052233508308927e-07,True,False
2.3,19.0,fit_ok_best5,2.9647645432621226e-07,True,False
2.3,19.5,fit_ok_best5,2.882633094720981e-07,True,False
2.3,20.0,fit_ok_best5,2.805410579162123e-07,True,False
2.35,0.0,fit_ok_best5,0.0001186572302474,True,False
2.35,0.5,fit_ok_best5,4.89280272127168e-05,True,False
2.35,1.0,fit_ok_best5,0.000171175344237,True,False
2.35,1.5,fit_ok_best5,0.000290287693046,True,False
2.35,2.0,fit_ok_best5,0.0001823194995898,True,False
2.35,2.5,fit_ok_best5,5.673627778386185e-06,True,False
2.35,3.0,fit_ok_best5,3.4243549314089965e-06,True,False
2.35,3.5,fit_ok_best5,2.1683405579392944e-06,True,False
2.35,4.0,fit_ok_best5,1.9069164007884412e-06,True,False
2.35,4.5,fit_ok_best5,1.876104467204043e-06,True,False
2.35,5.0,fit_ok_best5,2.7371203102424088e-06,True,False
2.35,5.5,fit_ok_best5,1.5949949136484031e-06,True,False
2.35,6.0,fit_ok_best5,1.0151581373376222e-06,True,False
2.35,6.5,fit_ok_best5,7.022957884352261e-07,True,False
2.35,7.0,fit_ok_best5,6.174552373082812e-07,True,False
2.35,7.5,fit_ok_best5,3.9857673741830826e-07,True,False
2.35,8.0,fit_ok_best5,2.720032450617142e-07,True,False
2.35,8.5,fit_ok_best5,1.9839242153674205e-06,True,False
2.35,9.0,fit_ok_best5,2.370757817948621e-07,True,False
2.35,9.5,fit_ok_best5,1.2340006172361714e-07,True,False
2.35,10.0,fit_ok_best5,1.1732309360610886e-07,True,False
2.35,10.5,fit_ok_best5,2.453849604473393e-07,True,False
2.35,11.0,fit_ok_best5,8.582251729961203e-07,True,False
2.35,11.5,fit_ok_best5,5.240095829594947e-07,True,False
2.35,12.0,fit_ok_best5,3.3859394779059386e-07,True,False
2.35,12.5,fit_ok_best5,4.46509499497581e-07,True,False
2.35,13.0,fit_ok_best5,5.822859735172737e-07,True,False
2.35,13.5,fit_ok_best5,5.094835758826704e-07,True,False
2.35,14.0,fit_ok_best5,4.640482741414436e-07,True,False
2.35,14.5,fit_ok_best5,5.214349239098185e-07,True,False
2.35,15.0,fit_ok_best5,5.448387133804536e-07,True,False
2.35,15.5,fit_ok_best5,4.051961946518294e-07,True,False
2.35,16.0,fit_ok_best5,3.82755361905032e-07,True,False
2.35,16.5,fit_ok_best5,3.843168808339151e-07,True,False
2.35,17.0,fit_ok_best5,3.773805167705591e-07,True,False
2.35,17.5,fit_ok_best5,3.672528087054746e-07,True,False
2.35,18.0,fit_ok_best5,3.565856022094687e-07,True,False
2.35,18.5,fit_ok_best5,3.4622548548940804e-07,True,False
2.35,19.0,fit_ok_best5,3.363987571836153e-07,True,False
2.35,19.5,fit_ok_best5,3.271388300231242e-07,True,False
2.35,20.0,fit_ok_best5,3.184222513737673e-07,True,False
2.4,0.0,fit_ok_best5,1.2079512096325376e-06,True,False
2.4,0.5,fit_ok_best5,0.0001038783560439,True,False
2.4,1.0,fit_ok_best5,0.0002536767757307,True,False
2.4,1.5,fit_ok_best5,0.000148684467821,True,False
2.4,2.0,fit_ok_best5,0.0001908487547398,True,False
2.4,2.5,fit_ok_best5,0.0004023111739696,True,False
2.4,3.0,fit_ok_best5,4.272369352132077e-06,True,False
2.4,3.5,fit_ok_best5,2.7714192291014276e-06,True,False
2.4,4.0,fit_ok_best5,2.3519433159037723e-06,True,False
2.4,4.5,fit_ok_best5,2.1743409319054926e-06,True,False
2.4,5.0,fit_ok_best5,3.469258487357071e-06,True,False
2.4,5.5,fit_ok_best5,1.1140346761121076e-06,True,False
2.4,6.0,fit_ok_best5,1.6151916983900538e-06,True,False
2.4,6.5,fit_ok_best5,6.709055136862862e-07,True,False
2.4,7.0,fit_ok_best5,5.264094987776745e-07,True,False
2.4,7.5,fit_ok_best5,4.383540320320355e-07,True,False
2.4,8.0,fit_ok_best5,5.655337034908415e-07,True,False
2.4,8.5,fit_ok_best5,1.6667172883871069e-06,True,False
2.4,9.0,fit_ok_best5,1.1903178255625013e-06,True,False
2.4,9.5,fit_ok_best5,5.630596139634983e-07,True,False
2.4,10.0,fit_ok_best5,1.275936160878005e-07,True,False
2.4,10.5,fit_ok_best5,2.8961641243975037e-07,True,False
2.4,11.0,fit_ok_best5,3.565722728112751e-07,True,False
2.4,11.5,fit_ok_best5,9.889320863813604e-07,True,False
2.4,12.0,fit_ok_best5,4.521021331252999e-07,True,False
2.4,12.5,fit_ok_best5,3.666062859104596e-07,True,False
2.4,13.0,fit_ok_best5,4.577603156317764e-07,True,False
2.4,13.5,fit_ok_best5,5.967061232545928e-07,True,False
2.4,14.0,fit_ok_best5,5.564950793300014e-07,True,False
2.4,14.5,fit_ok_best5,4.76260564018127e-07,True,False
2.4,15.0,fit_ok_best5,6.123929540129194e-07,True,False
2.4,15.5,fit_ok_best5,3.242682849456734e-07,True,False
2.4,16.0,fit_ok_best5,4.773286429707668e-07,True,False
2.4,16.5,fit_ok_best5,4.117576533013644e-07,True,False
2.4,17.0,fit_ok_best5,4.154063873226903e-07,True,False
2.4,17.5,fit_ok_best5,4.107547721678579e-07,True,False
2.4,18.0,fit_ok_best5,4.012690177455208e-07,True,False
2.4,18.5,fit_ok_best5,3.904983431450507e-07,True,False
2.4,19.0,fit_ok_best5,3.797572583346981e-07,True,False
2.4,19.5,fit_ok_best5,3.6945594255568995e-07,True,False
2.4,20.0,fit_ok_best5,3.596965739112182e-07,True,False
2.45,0.0,fit_ok_best5,1.081718182366415e-06,True,False
2.45,0.5,fit_ok_best5,0.0001498522561804,True,False
2.45,1.0,fit_ok_best5,0.0001022757451691,True,False
2.45,1.5,fit_ok_best5,0.0002697096952664,True,False
2.45,2.0,fit_ok_best5,9.639591140787e-05,True,False
2.45,2.5,fit_ok_best5,0.0003715266032427,True,False
2.45,3.0,fit_ok_best5,5.654450317173716e-06,True,False
2.45,3.5,fit_ok_best5,3.5117060989340737e-06,True,False
2.45,4.0,fit_ok_best5,2.933162506572163e-06,True,False
2.45,4.5,fit_ok_best5,2.652873190217833e-06,True,False
2.45,5.0,fit_ok_best5,3.4809068310785258e-06,True,False
2.45,5.5,fit_ok_best5,1.963138006819418e-06,True,False
2.45,6.0,fit_ok_best5,1.8262242990274571e-06,True,False
2.45,6.5,fit_ok_best5,8.110900417389038e-07,True,False
2.45,7.0,fit_ok_best5,4.370385709959278e-07,True,False
2.45,7.5,fit_ok_best5,9.996280445297935e-07,True,False
2.45,8.0,fit_ok_best5,4.927459344851801e-07,True,False
2.45,8.5,fit_ok_best5,3.8442613013920706e-07,True,False
2.45,9.0,fit_ok_best5,2.576115913037525e-06,True,False
2.45,9.5,fit_ok_best5,3.872924926965954e-07,True,False
2.45,10.0,fit_ok_best5,1.1058728776166005e-07,True,False
2.45,10.5,fit_ok_best5,3.9643588205672914e-07,True,False
2.45,11.0,fit_ok_best5,9.166511138417474e-08,True,False
2.45,11.5,fit_ok_best5,5.456989200748049e-07,True,False
2.45,12.0,fit_ok_best5,9.685427820428212e-07,True,False
2.45,12.5,fit_ok_best5,3.793900028849358e-07,True,False
2.45,13.0,fit_ok_best5,4.0738139365528826e-07,True,False
2.45,13.5,fit_ok_best5,4.7094546665976427e-07,True,False
2.45,14.0,fit_ok_best5,6.092641501662419e-07,True,False
2.45,14.5,fit_ok_best5,6.133114802577684e-07,True,False
2.45,15.0,fit_ok_best5,4.881328603756137e-07,True,False
2.45,15.5,fit_ok_best5,6.232129164943361e-07,True,False
2.45,16.0,fit_ok_best5,3.94900281850393e-07,True,False
2.45,16.5,fit_ok_best5,5.433556034249233e-07,True,False
2.45,17.0,fit_ok_best5,4.44972465290455e-07,True,False
2.45,17.5,fit_ok_best5,4.463404973336296e-07,True,False
2.45,18.0,fit_ok_best5,4.44843973491908e-07,True,False
2.45,18.5,fit_ok_best5,4.3665940504304003e-07,True,False
2.45,19.0,fit_ok_best5,4.2609593673732843e-07,True,False
2.45,19.5,fit_ok_best5,4.151103451563089e-07,True,False
2.45,20.0,fit_ok_best5,4.0439436893901665e-07,True,False
2.5,0.0,fit_ok_best5,9.435438540314376e-07,True,False
2.5,0.5,fit_ok_best5,1.167935598578267e-06,True,False
2.5,1.0,fit_ok_best5,0.0001631748455537,True,False
2.5,1.5,fit_ok_best5,0.0001078177227736,True,False
2.5,2.0,fit_ok_best5,0.0002785215705358,True,False
2.5,2.5,fit_ok_best5,0.0003746114915091,True,False
2.5,3.0,fit_ok_best5,0.0007101308933338,True,False
2.5,3.5,fit_ok_best5,4.478827586815312e-06,True,False
2.5,4.0,fit_ok_best5,3.5664815450111604e-06,True,False
2.5,4.5,fit_ok_best5,3.3021435716082098e-06,True,False
2.5,5.0,fit_ok_best5,3.2752078819155203e-06,True,False
2.5,5.5,fit_ok_best5,2.8715234099977197e-06,True,False
2.5,6.0,fit_ok_best5,1.2240809873820807e-06,True,False
2.5,6.5,fit_ok_best5,1.1258228981067693e-06,True,False
2.5,7.0,fit_ok_best5,4.265366301171736e-07,True,False
2.5,7.5,fit_ok_best5,3.7323644315268043e-07,True,False
2.5,8.0,fit_ok_best5,6.299508513699382e-07,True,False
2.5,8.5,fit_ok_best5,8.903494563503322e-07,True,False
2.5,9.0,fit_ok_best5,1.932161148544037e-06,True,False
2.5,9.5,fit_ok_best5,1.9468533337609833e-06,True,False
2.5,10.0,fit_ok_best5,8.386368523550811e-07,True,False
2.5,10.5,fit_ok_best5,2.0707250811370986e-07,True,False
2.5,11.0,fit_ok_best5,3.683553658637306e-07,True,False
2.5,11.5,fit_ok_best5,3.08781494553557e-07,True,False
2.5,12.0,fit_ok_best5,7.982066983629407e-07,True,False
2.5,12.5,fit_ok_best5,9.42862338275492e-07,True,False
2.5,13.0,fit_ok_best5,3.1102372202133e-07,True,False
2.5,13.5,fit_ok_best5,4.542176326767846e-07,True,False
2.5,14.0,fit_ok_best5,4.82847899740739e-07,True,False
2.5,14.5,fit_ok_best5,6.202005895663092e-07,True,False
2.5,15.0,fit_ok_best5,6.821561852346782e-07,True,False
2.5,15.5,fit_ok_best5,5.047946042281093e-07,True,False
2.5,16.0,fit_ok_best5,6.120401884824956e-07,True,False
2.5,16.5,fit_ok_best5,6.239410526752751e-07,True,False
2.5,17.0,fit_ok_best5,5.758709486294306e-07,True,False
2.5,17.5,fit_ok_best5,4.909928301315112e-07,True,False
2.5,18.0,fit_ok_best5,4.7715858112579e-07,True,False
2.5,18.5,fit_ok_best5,4.791189683627639e-07,True,False
2.5,19.0,fit_ok_best5,4.731123314746634e-07,True,False
2.5,19.5,fit_ok_best5,4.632305238878561e-07,True,False
2.5,20.0,fit_ok_best5,4.522221217905538e-07,True,False
2.55,0.0,fit_ok_best5,8.673139407194785e-07,True,False
2.55,0.5,fit_ok_best5,1.0392290378215435e-06,True,False
2.55,1.0,fit_ok_best5,0.0002121616093834,True,False
2.55,1.5,fit_ok_best5,0.0001887256092984,True,False
2.55,2.0,fit_ok_best5,0.0001139876992127,True,False
2.55,2.5,fit_ok_best5,0.0002605912382837,True,False
2.55,3.0,fit_ok_best5,0.0006359358208044,True,False
2.55,3.5,fit_ok_best5,5.8097596451218015e-06,True,False
2.55,4.0,fit_ok_best5,4.153637865307522e-06,True,False
2.55,4.5,fit_ok_best5,3.648708822203073e-06,True,False
2.55,5.0,fit_ok_best5,3.3762726165100218e-06,True,False
2.55,5.5,fit_ok_best5,3.929650529611064e-06,True,False
2.55,6.0,fit_ok_best5,1.1787862679288272e-06,True,False
2.55,6.5,fit_ok_best5,1.808242661105748e-06,True,False
2.55,7.0,fit_ok_best5,7.617324485001014e-07,True,False
2.55,7.5,fit_ok_best5,6.450927971759212e-07,True,False
2.55,8.0,fit_ok_best5,2.469919630075804e-07,True,False
2.55,8.5,fit_ok_best5,7.102559742959389e-07,True,False
2.55,9.0,fit_ok_best5,6.202029343229949e-07,True,False
2.55,9.5,fit_ok_best5,2.976527047808867e-06,True,False
2.55,10.0,fit_ok_best5,7.065770446621422e-07,True,False
2.55,10.5,fit_ok_best5,1.928485822285277e-07,True,False
2.55,11.0,fit_ok_best5,2.287448844772241e-07,True,False
2.55,11.5,fit_ok_best5,2.610819155490374e-07,True,False
2.55,12.0,fit_ok_best5,4.3516884289909316e-07,True,False
2.55,12.5,fit_ok_best5,1.0898401429671768e-06,True,False
2.55,13.0,fit_ok_best5,9.183015657744882e-07,True,False
2.55,13.5,fit_ok_best5,2.508810776527e-07,True,False
2.55,14.0,fit_ok_best5,5.017593773185262e-07,True,False
2.55,14.5,fit_ok_best5,4.905767984744962e-07,True,False
2.55,15.0,fit_ok_best5,6.314206639370768e-07,True,False
2.55,15.5,fit_ok_best5,7.646495005667545e-07,True,False
2.55,16.0,fit_ok_best5,5.334755298221902e-07,True,False
2.55,16.5,fit_ok_best5,6.197146334578876e-07,True,False
2.55,17.0,fit_ok_best5,6.870488504763604e-07,True,False
2.55,17.5,fit_ok_best5,6.710084290071847e-07,True,False
2.55,18.0,fit_ok_best5,5.685604960500583e-07,True,False
2.55,18.5,fit_ok_best5,5.095507675078348e-07,True,False
2.55,19.0,fit_ok_best5,5.130252477017052e-07,True,False
2.55,19.5,fit_ok_best5,5.101718088560512e-07,True,False
2.55,20.0,fit_ok_best5,5.016589408386016e-07,True,False
2.6,0.0,fit_ok_best5,7.8045642730272e-07,True,False
2.6,0.5,fit_ok_best5,9.398486474529044e-07,True,False
2.6,1.0,fit_ok_best5,1.1650909496246372e-06,True,False
2.6,1.5,fit_ok_best5,0.0002518538291669,True,False
2.6,2.0,fit_ok_best5,0.0002227843285517,True,False
2.6,2.5,fit_ok_best5,0.0001105129977899,True,False
2.6,3.0,fit_ok_best5,0.0001746023194385,True,False
2.6,3.5,fit_ok_best5,0.0005059921016,True,False
2.6,4.0,fit_ok_best5,5.087296285869648e-06,True,False
2.6,4.5,fit_ok_best5,4.180253059418365e-06,True,False
2.6,5.0,fit_ok_best5,3.7861959812223898e-06,True,False
2.6,5.5,fit_ok_best5,4.646567900560581e-06,True,False
2.6,6.0,fit_ok_best5,2.5183520605307293e-06,True,False
2.6,6.5,fit_ok_best5,1.5002493744231872e-06,True,False
2.6,7.0,fit_ok_best5,1.417819083912815e-06,True,False
2.6,7.5,fit_ok_best5,1.3306226035370229e-06,True,False
2.6,8.0,fit_ok_best5,5.48413985351059e-07,True,False
2.6,8.5,fit_ok_best5,8.503584004188757e-07,True,False
2.6,9.0,fit_ok_best5,1.3996859633777588e-06,True,False
2.6,9.5,fit_ok_best5,1.434056288704758e-06,True,False
2.6,10.0,fit_ok_best5,3.0076916134024423e-06,True,False
2.6,10.5,fit_ok_best5,1.1132759473004922e-06,True,False
2.6,11.0,fit_ok_best5,3.795030804984258e-07,True,False
2.6,11.5,fit_ok_best5,5.924938521828961e-07,True,False
2.6,12.0,fit_ok_best5,2.1118406851685027e-07,True,False
2.6,12.5,fit_ok_best5,4.913677184038034e-07,True,False
2.6,13.0,fit_ok_best5,1.3963852636393696e-06,True,False
2.6,13.5,fit_ok_best5,8.997559841670672e-07,True,False
2.6,14.0,fit_ok_best5,2.023425402603132e-07,True,False
2.6,14.5,fit_ok_best5,5.457887068851051e-07,True,False
2.6,15.0,fit_ok_best5,4.918238977840978e-07,True,False
2.6,15.5,fit_ok_best5,6.472368444283081e-07,True,False
2.6,16.0,fit_ok_best5,8.61652582169663e-07,True,False
2.6,16.5,fit_ok_best5,5.819088811380008e-07,True,False
2.6,17.0,fit_ok_best5,5.984058143286655e-07,True,False
2.6,17.5,fit_ok_best5,7.835477870064229e-07,True,False
2.6,18.0,fit_ok_best5,5.178493366326141e-07,True,False
2.6,18.5,fit_ok_best5,6.574748624475538e-07,True,False
2.6,19.0,fit_ok_best5,5.496788024301072e-07,True,False
2.6,19.5,fit_ok_best5,5.463847348372886e-07,True,False
2.6,20.0,fit_ok_best5,5.472420631491259e-07,True,False
2.65,0.0,fit_ok_best5,6.121215580333944e-07,True,False
2.65,0.5,fit_ok_best5,7.587571383977062e-07,True,False
2.65,1.0,fit_ok_best5,1.0267805436755176e-06,True,False
2.65,1.5,fit_ok_best5,8.854192759802674e-05,True,False
2.65,2.0,fit_ok_best5,0.0003046385663984,True,False
2.65,2.5,fit_ok_best5,0.000260146515209,True,False
2.65,3.0,fit_ok_best5,0.0004701979966236,True,False
2.65,3.5,fit_ok_best5,0.0004366365931587,True,False
2.65,4.0,fit_ok_best5,4.847302239069809e-06,True,False
2.65,4.5,fit_ok_best5,4.930462486307416e-06,True,False
2.65,5.0,fit_ok_best5,4.4603850114944526e-06,True,False
2.65,5.5,fit_ok_best5,4.398611203969623e-06,True,False
2.65,6.0,fit_ok_best5,3.824801635656133e-06,True,False
2.65,6.5,fit_ok_best5,1.0425583991242607e-06,True,False
2.65,7.0,fit_ok_best5,1.638531035030218e-06,True,False
2.65,7.5,fit_ok_best5,9.625339739867891e-07,True,False
2.65,8.0,fit_ok_best5,9.80681227540279e-07,True,False
2.65,8.5,fit_ok_best5,2.907773098959275e-07,True,False
2.65,9.0,fit_ok_best5,4.883724882874875e-07,True,False
2.65,9.5,fit_ok_best5,1.0364526835824602e-06,True,False
2.65,10.0,fit_ok_best5,3.342662782962045e-06,True,False
2.65,10.5,fit_ok_best5,2.169358132960179e-06,True,False
2.65,11.0,fit_ok_best5,5.454127438664619e-07,True,False
2.65,11.5,fit_ok_best5,4.229530274863636e-07,True,False
2.65,12.0,fit_ok_best5,3.98818524600648e-07,True,False
2.65,12.5,fit_ok_best5,5.960373338025777e-07,True,False
2.65,13.0,fit_ok_best5,5.37287973364147e-07,True,False
2.65,13.5,fit_ok_best5,1.6356386243658344e-06,True,False
2.65,14.0,fit_ok_best5,8.918867245154984e-07,True,False
2.65,14.5,fit_ok_best5,1.6896315075489833e-07,True,False
2.65,15.0,fit_ok_best5,5.829199717920605e-07,True,False
2.65,15.5,fit_ok_best5,4.850015655417664e-07,True,False
2.65,16.0,fit_ok_best5,6.749914840499367e-07,True,False
2.65,16.5,fit_ok_best5,8.509537350113917e-07,True,False
2.65,17.0,fit_ok_best5,6.554936628101821e-07,True,False
2.65,17.5,fit_ok_best5,5.769677780014681e-07,True,False
2.65,18.0,fit_ok_best5,7.109731651164619e-07,True,False
2.65,18.5,fit_ok_best5,7.823308396615028e-07,True,False
2.65,19.0,fit_ok_best5,6.775242141238487e-07,True,False
2.65,19.5,fit_ok_best5,6.135944617921458e-07,True,False
2.65,20.0,fit_ok_best5,5.805636363003392e-07,True,False
2.7,0.0,fit_ok_best5,5.108173860209414e-07,True,False
2.7,0.5,fit_ok_best5,6.452149424892036e-07,True,False
2.7,1.0,fit_ok_best5,9.578246595030505e-07,True,False
2.7,1.5,fit_ok_best5,1.1636142430512924e-06,True,False
2.7,2.0,fit_ok_best5,0.0001249100741853,True,False
2.7,2.5,fit_ok_best5,0.0003681468132705,True,False
2.7,3.0,fit_ok_best5,0.0002916997072528,True,False
2.7,3.5,fit_ok_best5,0.0004338822366912,True,False
2.7,4.0,fit_ok_best5,0.0003426618369079,True,False
2.7,4.5,fit_ok_best5,5.85229654348107e-06,True,False
2.7,5.0,fit_ok_best5,4.936133548321348e-06,True,False
2.7,5.5,fit_ok_best5,4.526554689222777e-06,True,False
2.7,6.0,fit_ok_best5,5.06812598270169e-06,True,False
2.7,6.5,fit_ok_best5,2.404627101096524e-06,True,False
2.7,7.0,fit_ok_best5,1.5235569045084144e-06,True,False
2.7,7.5,fit_ok_best5,1.584932146421902e-06,True,False
2.7,8.0,fit_ok_best5,1.548840429075452e-06,True,False
2.7,8.5,fit_ok_best5,7.804346027031009e-07,True,False
2.7,9.0,fit_ok_best5,1.387294322970925e-06,True,False
2.7,9.5,fit_ok_best5,2.1310042748951957e-06,True,False
2.7,10.0,fit_ok_best5,7.739225895444457e-07,True,False
2.7,10.5,fit_ok_best5,3.106103365419922e-06,True,False
2.7,11.0,fit_ok_best5,8.390203644608903e-07,True,False
2.7,11.5,fit_ok_best5,2.3179530158008278e-07,True,False
2.7,12.0,fit_ok_best5,6.347620493511334e-08,True,False
2.7,12.5,fit_ok_best5,2.732594139693911e-07,True,False
2.7,13.0,fit_ok_best5,8.681509989045053e-07,True,False
2.7,13.5,fit_ok_best5,6.190545586349499e-07,True,False
2.7,14.0,fit_ok_best5,1.6763503062496762e-06,True,False
2.7,14.5,fit_ok_best5,8.9944997353722e-07,True,False
2.7,15.0,fit_ok_best5,1.5347790525750526e-07,True,False
2.7,15.5,fit_ok_best5,6.105999774081043e-07,True,False
2.7,16.0,fit_ok_best5,4.692970169530689e-07,True,False
2.7,16.5,fit_ok_best5,7.24826509790113e-07,True,False
2.7,17.0,fit_ok_best5,8.218314945923619e-07,True,False
2.7,17.5,fit_ok_best5,7.554266625159289e-07,True,False
2.7,18.0,fit_ok_best5,5.696995560286337e-07,True,False
2.7,18.5,fit_ok_best5,7.193041796534415e-07,True,False
2.7,19.0,fit_ok_best5,8.455945162623399e-07,True,False
2.7,19.5,fit_ok_best5,5.460820306377586e-07,True,False
2.7,20.0,fit_ok_best5,7.336459614790083e-07,True,False
2.75,0.0,fit_ok_best5,3.3515380341605354e-07,True,False
2.75,0.5,fit_ok_best5,4.566885587845771e-07,True,False
2.75,1.0,fit_ok_best5,8.274709233672469e-07,True,False
2.75,1.5,fit_ok_best5,1.0973334028472262e-06,True,False
2.75,2.0,fit_ok_best5,0.0001852144812601,True,False
2.75,2.5,fit_ok_best5,0.0001726932051948,True,False
2.75,3.0,fit_ok_best5,0.0004386061205543,True,False
2.75,3.5,fit_ok_best5,0.0002996869825509,True,False
2.75,4.0,fit_ok_best5,0.0002384672282097,True,False
2.75,4.5,fit_ok_best5,3.87936708410838e-06,True,False
2.75,5.0,fit_ok_best5,5.509326246195073e-06,True,False
2.75,5.5,fit_ok_best5,5.002987415381752e-06,True,False
2.75,6.0,fit_ok_best5,5.39651517177605e-06,True,False
2.75,6.5,fit_ok_best5,3.935050186462653e-06,True,False
2.75,7.0,fit_ok_best5,1.176539863499371e-06,True,False
2.75,7.5,fit_ok_best5,1.6878548811133217e-06,True,False
2.75,8.0,fit_ok_best5,1.2606482676896372e-06,True,False
2.75,8.5,fit_ok_best5,1.4133898184905657e-06,True,False
2.75,9.0,fit_ok_best5,4.254815560894772e-07,True,False
2.75,9.5,fit_ok_best5,1.1620893365256366e-06,True,False
2.75,10.0,fit_ok_best5,1.7542718284379742e-06,True,False
2.75,10.5,fit_ok_best5,2.812528418942458e-06,True,False
2.75,11.0,fit_ok_best5,3.35673559485627e-06,True,False
2.75,11.5,fit_ok_best5,1.3373273672239258e-06,True,False
2.75,12.0,fit_ok_best5,4.794662858418625e-07,True,False
2.75,12.5,fit_ok_best5,4.018703979814335e-07,True,False
2.75,13.0,fit_ok_best5,3.081197456278634e-07,True,False
2.75,13.5,fit_ok_best5,1.1302837582647496e-06,True,False
2.75,14.0,fit_ok_best5,7.439639369253771e-07,True,False
2.75,14.5,fit_ok_best5,1.7296281869645142e-06,True,False
2.75,15.0,fit_ok_best5,9.271642931587076e-07,True,False
2.75,15.5,fit_ok_best5,1.542950065461897e-07,True,False
2.75,16.0,fit_ok_best5,6.275097706493897e-07,True,False
2.75,16.5,fit_ok_best5,4.446916310540997e-07,True,False
2.75,17.0,fit_ok_best5,8.076284740909098e-07,True,False
2.75,17.5,fit_ok_best5,7.795883094098521e-07,True,False
2.75,18.0,fit_ok_best5,8.79577096361226e-07,True,False
2.75,18.5,fit_ok_best5,5.966982399099748e-07,True,False
2.75,19.0,fit_ok_best5,7.119844928885523e-07,True,False
2.75,19.5,fit_ok_best5,8.482825263537931e-07,True,False
2.75,20.0,fit_ok_best5,8.456995006728927e-07,True,False
2.8,0.0,fit_ok_best5,2.322453130702393e-07,True,False
2.8,0.5,fit_ok_best5,3.403359110029648e-07,True,False
2.8,1.0,fit_ok_best5,6.866462418849161e-07,True,False
2.8,1.5,fit_ok_best5,9.70809464236454e-07,True,False
2.8,2.0,fit_ok_best5,1.1778919900046296e-06,True,False
2.8,2.5,fit_ok_best5,0.0002476293073828,True,False
2.8,3.0,fit_ok_best5,0.0002296229926758,True,False
2.8,3.5,fit_ok_best5,0.0005087950326655,True,False
2.8,4.0,fit_ok_best5,0.0002465185230759,True,False
2.8,4.5,fit_ok_best5,0.0008964104315016,True,False
2.8,5.0,fit_ok_best5,4.869757899924824e-06,True,False
2.8,5.5,fit_ok_best5,5.635615597263859e-06,True,False
2.8,6.0,fit_ok_best5,5.298056515955378e-06,True,False
2.8,6.5,fit_ok_best5,5.391339707727259e-06,True,False
2.8,7.0,fit_ok_best5,2.5618658527008793e-06,True,False
2.8,7.5,fit_ok_best5,1.5210907571748045e-06,True,False
2.8,8.0,fit_ok_best5,1.417688633250376e-06,True,False
2.8,8.5,fit_ok_best5,1.7965482139048628e-06,True,False
2.8,9.0,fit_ok_best5,1.0072189379006008e-06,True,False
2.8,9.5,fit_ok_best5,2.0308620419732817e-06,True,False
2.8,10.0,fit_ok_best5,1.7382494027547095e-06,True,False
2.8,10.5,fit_ok_best5,1.444066609777304e-06,True,False
2.8,11.0,fit_ok_best5,3.2251051703809837e-06,True,False
2.8,11.5,fit_ok_best5,3.5173265999221912e-06,True,False
2.8,12.0,fit_ok_best5,6.808230491650551e-07,True,False
2.8,12.5,fit_ok_best5,7.270691106047267e-07,True,False
2.8,13.0,fit_ok_best5,7.550191369241347e-07,True,False
2.8,13.5,fit_ok_best5,2.215483186802242e-07,True,False
2.8,14.0,fit_ok_best5,1.2929971217598434e-06,True,False
2.8,14.5,fit_ok_best5,8.923915526847785e-07,True,False
2.8,15.0,fit_ok_best5,1.797458016050772e-06,True,False
2.8,15.5,fit_ok_best5,9.79417699205141e-07,True,False
2.8,16.0,fit_ok_best5,1.642608223174835e-07,True,False
2.8,16.5,fit_ok_best5,6.343596227651148e-07,True,False
2.8,17.0,fit_ok_best5,4.122983349828011e-07,True,False
2.8,17.5,fit_ok_best5,9.313275204811244e-07,True,False
2.8,18.0,fit_ok_best5,7.306830739638408e-07,True,False
2.8,18.5,fit_ok_best5,1.0250074941140174e-06,True,False
2.8,19.0,fit_ok_best5,6.727330485340676e-07,True,False
2.8,19.5,fit_ok_best5,6.575334377756151e-07,True,False
2.8,20.0,fit_ok_best5,7.752297903292068e-07,True,False
2.85,0.0,fit_ok_best5,1.393522800028666e-07,True,False
2.85,0.5,fit_ok_best5,2.2835493482736678e-07,True,False
2.85,1.0,fit_ok_best5,5.378600917081775e-07,True,False
2.85,1.5,fit_ok_best5,9.124028832610576e-07,True,False
2.85,2.0,fit_ok_best5,1.1164304415779937e-06,True,False
2.85,2.5,fit_ok_best5,0.0003055715285458,True,False
2.85,3.0,fit_ok_best5,0.0003236107207274,True,False
2.85,3.5,fit_ok_best5,0.0002916012158969,True,False
2.85,4.0,fit_ok_best5,0.0005635316429836,True,False
2.85,4.5,fit_ok_best5,0.0006240752985951,True,False
2.85,5.0,fit_ok_best5,7.966808400139579e-06,True,False
2.85,5.5,fit_ok_best5,5.719709894631427e-06,True,False
2.85,6.0,fit_ok_best5,5.568373387780668e-06,True,False
2.85,6.5,fit_ok_best5,6.2428405291872524e-06,True,False
2.85,7.0,fit_ok_best5,4.279128066366134e-06,True,False
2.85,7.5,fit_ok_best5,1.3821039621122133e-06,True,False
2.85,8.0,fit_ok_best5,1.7623298303902402e-06,True,False
2.85,8.5,fit_ok_best5,1.58190258221246e-06,True,False
2.85,9.0,fit_ok_best5,1.6285350260914198e-06,True,False
2.85,9.5,fit_ok_best5,7.373028038953473e-07,True,False
2.85,10.0,fit_ok_best5,1.8244760757355615e-06,True,False
2.85,10.5,fit_ok_best5,2.675050398326483e-06,True,False
2.85,11.0,fit_ok_best5,1.186751757910972e-06,True,False
2.85,11.5,fit_ok_best5,3.3523962330601936e-06,True,False
2.85,12.0,fit_ok_best5,1.8563784503293231e-06,True,False
2.85,12.5,fit_ok_best5,5.301856558095903e-07,True,False
2.85,13.0,fit_ok_best5,5.013752179522213e-07,True,False
2.85,13.5,fit_ok_best5,6.295340131480606e-07,True,False
2.85,14.0,fit_ok_best5,4.276448252246301e-07,True,False
2.85,14.5,fit_ok_best5,1.4171611431376873e-06,True,False
2.85,15.0,fit_ok_best5,1.0415015177929029e-06,True,False
2.85,15.5,fit_ok_best5,1.8800179266305824e-06,True,False
2.85,16.0,fit_ok_best5,1.059890061434126e-06,True,False
2.85,16.5,fit_ok_best5,1.7469716981083126e-07,True,False
2.85,17.0,fit_ok_best5,6.348230226639322e-07,True,False
2.85,17.5,fit_ok_best5,3.763082080466788e-07,True,False
2.85,18.0,fit_ok_best5,9.071338685429956e-07,True,False
2.85,18.5,fit_ok_best5,6.905963601407345e-07,True,False
2.85,19.0,fit_ok_best5,1.1694933116605417e-06,True,False
2.85,19.5,fit_ok_best5,7.963805692598243e-07,True,False
2.85,20.0,fit_ok_best5,6.228804128458982e-07,True,False
2.9,0.0,fit_ok_best5,1.2423850984542128e-07,True,False
2.9,0.5,fit_ok_best5,1.0928922789423352e-07,True,False
2.9,1.0,fit_ok_best5,3.278505857827004e-07,True,False
2.9,1.5,fit_ok_best5,8.560464499743133e-07,True,False
2.9,2.0,fit_ok_best5,1.0636527607199854e-06,True,False
2.9,2.5,fit_ok_best5,1.2740464150950546e-06,True,False
2.9,3.0,fit_ok_best5,0.000117089287486,True,False
2.9,3.5,fit_ok_best5,0.0004116544970936,True,False
2.9,4.0,fit_ok_best5,0.0003508895566453,True,False
2.9,4.5,fit_ok_best5,0.0005687657923945,True,False
2.9,5.0,fit_ok_best5,0.0007838161694441,True,False
2.9,5.5,fit_ok_best5,4.964848766519489e-06,True,False
2.9,6.0,fit_ok_best5,5.873130496729735e-06,True,False
2.9,6.5,fit_ok_best5,5.9738702799219386e-06,True,False
2.9,7.0,fit_ok_best5,5.918101949390107e-06,True,False
2.9,7.5,fit_ok_best5,2.9796812230857415e-06,True,False
2.9,8.0,fit_ok_best5,1.4867395175228148e-06,True,False
2.9,8.5,fit_ok_best5,1.0639757623360051e-06,True,False
2.9,9.0,fit_ok_best5,1.7484152992343147e-06,True,False
2.9,9.5,fit_ok_best5,1.4769004545360382e-06,True,False
2.9,10.0,fit_ok_best5,1.538439273167685e-06,True,False
2.9,10.5,fit_ok_best5,1.9304329739423075e-06,True,False
2.9,11.0,fit_ok_best5,2.418096492376743e-06,True,False
2.9,11.5,fit_ok_best5,1.3643790216245043e-06,True,False
2.9,12.0,fit_ok_best5,3.656182515624035e-06,True,False
2.9,12.5,fit_ok_best5,1.2560606983583852e-06,True,False
2.9,13.0,fit_ok_best5,6.107992463904065e-07,True,False
2.9,13.5,fit_ok_best5,2.5933348053003553e-07,True,False
2.9,14.0,fit_ok_best5,6.025505557103091e-07,True,False
2.9,14.5,fit_ok_best5,5.476366953958834e-07,True,False
2.9,15.0,fit_ok_best5,1.5233312353093032e-06,True,False
2.9,15.5,fit_ok_best5,1.174008532477748e-06,True,False
2.9,16.0,fit_ok_best5,1.976415125601007e-06,True,False
2.9,16.5,fit_ok_best5,1.1710367509254618e-06,True,False
2.9,17.0,fit_ok_best5,1.800476639417384e-07,True,False
2.9,17.5,fit_ok_best5,6.357372762508014e-07,True,False
2.9,18.0,fit_ok_best5,3.504882423400037e-07,True,False
2.9,18.5,fit_ok_best5,8.520538811974844e-07,True,False
2.9,19.0,fit_ok_best5,6.903294601618634e-07,True,False
2.9,19.5,fit_ok_best5,1.0813368450183066e-06,True,False
2.9,20.0,insufficient_clean_finite,,False,True
2.95,0.0,fit_ok_best5,1.219262449250296e-07,True,False
2.95,0.5,fit_ok_best5,1.4994736321225598e-07,True,False
2.95,1.0,fit_ok_best5,2.044056429265463e-07,True,False
2.95,1.5,fit_ok_best5,6.52605348494713e-07,True,False
2.95,2.0,fit_ok_best5,9.55056119641456e-07,True,False
2.95,2.5,fit_ok_best5,1.207502069265304e-06,True,False
2.95,3.0,fit_ok_best5,0.000183871334273,True,False
2.95,3.5,fit_ok_best5,0.0001857909393811,True,False
2.95,4.0,fit_ok_best5,0.0005090128271048,True,False
2.95,4.5,fit_ok_best5,0.0003921582091,True,False
2.95,5.0,fit_ok_best5,0.000440847532743,True,False
2.95,5.5,fit_ok_best5,1.653527389479882e-05,True,False
2.95,6.0,fit_ok_best5,5.017315852814216e-06,True,False
2.95,6.5,fit_ok_best5,6.022268455615265e-06,True,False
2.95,7.0,fit_ok_best5,6.892585556532693e-06,True,False
2.95,7.5,fit_ok_best5,4.873057408209681e-06,True,False
2.95,8.0,fit_ok_best5,1.7435063843261744e-06,True,False
2.95,8.5,fit_ok_best5,1.8197270858614044e-06,True,False
2.95,9.0,fit_ok_best5,1.969998194106438e-06,True,False
2.95,9.5,fit_ok_best5,1.5611411919710076e-06,True,False
2.95,10.0,fit_ok_best5,1.20161879679348e-06,True,False
2.95,10.5,fit_ok_best5,2.514634915174454e-06,True,False
2.95,11.0,fit_ok_best5,2.8537149231451784e-06,True,False
2.95,11.5,fit_ok_best5,2.2346064915115716e-06,True,False
2.95,12.0,fit_ok_best5,3.534381791283349e-06,True,False
2.95,12.5,fit_ok_best5,3.935344689395035e-06,True,False
2.95,13.0,fit_ok_best5,1.253221863656959e-06,True,False
2.95,13.5,fit_ok_best5,7.176293911015387e-07,True,False
2.95,14.0,fit_ok_best5,4.259680829964651e-07,True,False
2.95,14.5,fit_ok_best5,6.271159496484094e-07,True,False
2.95,15.0,fit_ok_best5,6.133247774010639e-07,True,False
2.95,15.5,fit_ok_best5,1.6276638102863631e-06,True,False
2.95,16.0,fit_ok_best5,1.2781214444933528e-06,True,False
2.95,16.5,fit_ok_best5,2.0853962929665824e-06,True,False
2.95,17.0,fit_ok_best5,1.3133488186791195e-06,True,False
2.95,17.5,fit_ok_best5,1.8433322941019952e-07,True,False
2.95,18.0,fit_ok_best5,6.449169294737528e-07,True,False
2.95,18.5,fit_ok_best5,3.6864908309683314e-07,True,False
2.95,19.0,fit_ok_best5,7.86979464827459e-07,True,False
2.95,19.5,fit_ok_best5,7.711392191433689e-07,True,False
2.95,20.0,insufficient_clean_finite,,False,True
3.0,0.0,fit_ok_best5,1.0130497229057176e-07,True,False
3.0,0.5,fit_ok_best5,1.1792892489537833e-07,True,False
3.0,1.0,fit_ok_best5,1.3850802836879034e-07,True,False
3.0,1.5,fit_ok_best5,4.750855684320646e-07,True,False
3.0,2.0,fit_ok_best5,9.147581363251036e-07,True,False
3.0,2.5,fit_ok_best5,1.0983686608707905e-06,True,False
3.0,3.0,fit_ok_best5,0.0002376050114677,True,False
3.0,3.5,fit_ok_best5,0.0002675137056601,True,False
3.0,4.0,fit_ok_best5,0.0002660020302533,True,False
3.0,4.5,fit_ok_best5,0.0001800300490264,True,False
3.0,5.0,fit_ok_best5,0.0003830503258965,True,False
3.0,5.5,fit_ok_best5,0.0006634086637698,True,False
3.0,6.0,fit_ok_best5,5.7086500818367285e-06,True,False
3.0,6.5,fit_ok_best5,5.779067939646997e-06,True,False
3.0,7.0,fit_ok_best5,6.479212772922103e-06,True,False
3.0,7.5,fit_ok_best5,6.667858153106702e-06,True,False
3.0,8.0,fit_ok_best5,3.6723159696331103e-06,True,False
3.0,8.5,fit_ok_best5,1.4167390457562393e-06,True,False
3.0,9.0,fit_ok_best5,1.6311572176237547e-06,True,False
3.0,9.5,fit_ok_best5,1.876075215523911e-06,True,False
3.0,10.0,fit_ok_best5,1.9709969736337375e-06,True,False
3.0,10.5,fit_ok_best5,1.1097165982481485e-06,True,False
3.0,11.0,fit_ok_best5,2.4232579991163022e-06,True,False
3.0,11.5,fit_ok_best5,3.4654303350063205e-06,True,False
3.0,12.0,fit_ok_best5,2.1183958613341177e-06,True,False
3.0,12.5,fit_ok_best5,3.555744784503943e-06,True,False
3.0,13.0,fit_ok_best5,4.146261973652313e-06,True,False
3.0,13.5,fit_ok_best5,9.472008573097752e-07,True,False
3.0,14.0,fit_ok_best5,8.040687791701521e-07,True,False
3.0,14.5,fit_ok_best5,6.937128528752903e-07,True,False
3.0,15.0,fit_ok_best5,6.744050255885632e-07,True,False
3.0,15.5,fit_ok_best5,6.707668765719964e-07,True,False
3.0,16.0,fit_ok_best5,1.7417275581086218e-06,True,False
3.0,16.5,fit_ok_best5,1.3462197308945328e-06,True,False
3.0,17.0,fit_ok_best5,2.20626015632111e-06,True,False
3.0,17.5,fit_ok_best5,1.4844260384937545e-06,True,False
3.0,18.0,fit_ok_best5,2.1364738490731122e-07,True,False
3.0,18.5,fit_ok_best5,6.656825024587927e-07,True,False
3.0,19.0,fit_ok_best5,4.72910912018035e-07,True,False
3.0,19.5,fit_ok_best5,7.12872716969723e-07,True,False
3.0,20.0,insufficient_clean_finite,,False,True
3.05,0.0,fit_ok_best5,9.306618267668061e-08,True,False
3.05,0.5,fit_ok_best5,1.1119463809514665e-07,True,False
3.05,1.0,fit_ok_best5,1.8380835097851546e-07,True,False
3.05,1.5,fit_ok_best5,3.135731525350167e-07,True,False
3.05,2.0,fit_ok_best5,8.761927447654115e-07,True,False
3.05,2.5,fit_ok_best5,1.070073097005791e-06,True,False
3.05,3.0,fit_ok_best5,1.2296511780932022e-06,True,False
3.05,3.5,fit_ok_best5,0.0003308275826222,True,False
3.05,4.0,fit_ok_best5,0.0003665640755874,True,False
3.05,4.5,fit_ok_best5,0.0003544224675452,True,False
3.05,5.0,fit_ok_best5,0.0003062054299341,True,False
3.05,5.5,fit_ok_best5,0.0008957172006119,True,False
3.05,6.0,fit_ok_best5,0.009933696858693,True,False
3.05,6.5,fit_ok_best5,4.56552284011845e-06,True,False
3.05,7.0,fit_ok_best5,6.224111017380698e-06,True,False
3.05,7.5,fit_ok_best5,7.321478746865581e-06,True,False
3.05,8.0,fit_ok_best5,5.727104113633022e-06,True,False
3.05,8.5,fit_ok_best5,2.417440391712416e-06,True,False
3.05,9.0,fit_ok_best5,1.7963870421787615e-06,True,False
3.05,9.5,fit_ok_best5,1.3375390516216362e-06,True,False
3.05,10.0,fit_ok_best5,2.1947124407785403e-06,True,False
3.05,10.5,fit_ok_best5,1.8346789144042568e-06,True,False
3.05,11.0,fit_ok_best5,1.657591440051788e-06,True,False
3.05,11.5,fit_ok_best5,2.4949870907435304e-06,True,False
3.05,12.0,fit_ok_best5,3.3236215648732725e-06,True,False
3.05,12.5,fit_ok_best5,2.060493662199371e-06,True,False
3.05,13.0,fit_ok_best5,3.8264924695440436e-06,True,False
3.05,13.5,fit_ok_best5,4.355288543399216e-06,True,False
3.05,14.0,fit_ok_best5,9.79967177858679e-07,True,False
3.05,14.5,fit_ok_best5,8.667135573347307e-07,True,False
3.05,15.0,fit_ok_best5,9.267670452202042e-07,True,False
3.05,15.5,fit_ok_best5,7.328498954337208e-07,True,False
3.05,16.0,fit_ok_best5,7.18670095160785e-07,True,False
3.05,16.5,fit_ok_best5,1.8725405545679428e-06,True,False
3.05,17.0,fit_ok_best5,1.3743312521102729e-06,True,False
3.05,17.5,fit_ok_best5,2.3401434917444583e-06,True,False
3.05,18.0,fit_ok_best5,1.6781627694388277e-06,True,False
3.05,18.5,fit_ok_best5,3.102948308821542e-07,True,False
3.05,19.0,fit_ok_best5,6.910802286254848e-07,True,False
3.05,19.5,fit_ok_best5,6.746969740963935e-07,True,False
3.05,20.0,insufficient_clean_finite,,False,True
3.1,0.0,fit_ok_best5,7.444953230093355e-08,True,False
3.1,0.5,fit_ok_best5,8.805244438731257e-08,True,False
3.1,1.0,fit_ok_best5,1.137229813184667e-07,True,False
3.1,1.5,fit_ok_best5,1.7967795888577553e-07,True,False
3.1,2.0,fit_ok_best5,6.961432866361222e-07,True,False
3.1,2.5,fit_ok_best5,1.0533113638753842e-06,True,False
3.1,3.0,fit_ok_best5,1.193650223090092e-06,True,False
3.1,3.5,fit_ok_best5,0.000379071683015,True,False
3.1,4.0,fit_ok_best5,0.0004410811572667,True,False
3.1,4.5,fit_ok_best5,0.0004801685244154,True,False
3.1,5.0,fit_ok_best5,0.0004448388339123,True,False
3.1,5.5,fit_ok_best5,0.000759957321316,True,False
3.1,6.0,fit_ok_best5,0.0005288301784787,True,False
3.1,6.5,fit_ok_best5,1.0837662258668332e-05,True,False
3.1,7.0,fit_ok_best5,5.138331676010003e-06,True,False
3.1,7.5,fit_ok_best5,6.74605734778935e-06,True,False
3.1,8.0,fit_ok_best5,7.644393275079601e-06,True,False
3.1,8.5,fit_ok_best5,4.65677219223167e-06,True,False
3.1,9.0,fit_ok_best5,1.5341562584484743e-06,True,False
3.1,9.5,fit_ok_best5,2.0246482486070013e-06,True,False
3.1,10.0,fit_ok_best5,2.2535828149293383e-06,True,False
3.1,10.5,fit_ok_best5,2.069083760911185e-06,True,False
3.1,11.0,fit_ok_best5,1.645709920371416e-06,True,False
3.1,11.5,fit_ok_best5,2.374617148284577e-06,True,False
3.1,12.0,fit_ok_best5,2.8027927296925742e-06,True,False
3.1,12.5,fit_ok_best5,3.2357531267319843e-06,True,False
3.1,13.0,fit_ok_best5,2.0470429918054824e-06,True,False
3.1,13.5,fit_ok_best5,4.055175789766611e-06,True,False
3.1,14.0,fit_ok_best5,3.649280970502538e-06,True,False
3.1,14.5,fit_ok_best5,1.0779117229740405e-06,True,False
3.1,15.0,fit_ok_best5,9.09461241497572e-07,True,False
3.1,15.5,fit_ok_best5,1.1273187369043743e-06,True,False
3.1,16.0,fit_ok_best5,8.003519131080991e-07,True,False
3.1,16.5,fit_ok_best5,7.565935791023209e-07,True,False
3.1,17.0,fit_ok_best5,2.0224508598897076e-06,True,False
3.1,17.5,fit_ok_best5,1.3628322146880754e-06,True,False
3.1,18.0,fit_ok_best5,2.4916535693589144e-06,True,False
3.1,18.5,fit_ok_best5,1.8846143693143151e-06,True,False
3.1,19.0,fit_ok_best5,4.937618850827242e-07,True,False
3.1,19.5,insufficient_clean_finite,,False,True
3.1,20.0,insufficient_clean_finite,,False,True
3.1500000000000004,0.0,fit_ok_best5,1.1845580224441825e-07,True,False
3.1500000000000004,0.5,fit_ok_best5,8.069632142305125e-08,True,False
3.1500000000000004,1.0,fit_ok_best5,1.342828883806131e-07,True,False
3.1500000000000004,1.5,fit_ok_best5,2.2528238137066667e-07,True,False
3.1500000000000004,2.0,fit_ok_best5,4.303417619022012e-07,True,False
3.1500000000000004,2.5,fit_ok_best5,1.0414757814583647e-06,True,False
3.1500000000000004,3.0,fit_ok_best5,1.191134674700394e-06,True,False
3.1500000000000004,3.5,fit_ok_best5,1.2999491959261508e-06,True,False
3.1500000000000004,4.0,fit_ok_best5,0.0002006231811562,True,False
3.1500000000000004,4.5,fit_ok_best5,0.0002195949543836,True,False
3.1500000000000004,5.0,fit_ok_best5,0.0006066318277446,True,False
3.1500000000000004,5.5,fit_ok_best5,0.000524874642227,True,False
3.1500000000000004,6.0,fit_ok_best5,0.0007143704020182,True,False
3.1500000000000004,6.5,fit_ok_best5,0.0007203593129,True,False
3.1500000000000004,7.0,fit_ok_best5,4.247667175324848e-06,True,False
3.1500000000000004,7.5,fit_ok_best5,5.990642970408603e-06,True,False
3.1500000000000004,8.0,fit_ok_best5,7.503683914010771e-06,True,False
3.1500000000000004,8.5,fit_ok_best5,6.84337514211887e-06,True,False
3.1500000000000004,9.0,fit_ok_best5,3.4986518079199195e-06,True,False
3.1500000000000004,9.5,fit_ok_best5,1.593453313494915e-06,True,False
3.1500000000000004,10.0,fit_ok_best5,1.762278428949172e-06,True,False
3.1500000000000004,10.5,fit_ok_best5,2.200152205044612e-06,True,False
3.1500000000000004,11.0,fit_ok_best5,1.4220985203748674e-06,True,False
3.1500000000000004,11.5,fit_ok_best5,1.559874509756748e-06,True,False
3.1500000000000004,12.0,fit_ok_best5,3.117234609745729e-06,True,False
3.1500000000000004,12.5,fit_ok_best5,3.5008555082932917e-06,True,False
3.1500000000000004,13.0,fit_ok_best5,3.1995832902155538e-06,True,False
3.1500000000000004,13.5,fit_ok_best5,2.036648344180883e-06,True,False
3.1500000000000004,14.0,fit_ok_best5,4.255907568728811e-06,True,False
3.1500000000000004,14.5,fit_ok_best5,2.0920392389006356e-06,True,False
3.1500000000000004,15.0,fit_ok_best5,1.1716624202440998e-06,True,False
3.1500000000000004,15.5,fit_ok_best5,9.37887907582706e-07,True,False
3.1500000000000004,16.0,fit_ok_best5,1.1321662452384476e-06,True,False
3.1500000000000004,16.5,fit_ok_best5,8.788521788376717e-07,True,False
3.1500000000000004,17.0,fit_ok_best5,7.866237634498791e-07,True,False
3.1500000000000004,17.5,fit_ok_best5,2.188898465834114e-06,True,False
3.1500000000000004,18.0,fit_ok_best5,1.3190495407621843e-06,True,False
3.1500000000000004,18.5,fit_ok_best5,2.670353399159204e-06,True,False
3.1500000000000004,19.0,fit_ok_best5,2.09113484313776e-06,True,False
3.1500000000000004,19.5,insufficient_clean_finite,,False,True
3.1500000000000004,20.0,insufficient_clean_finite,,False,True
3.2,0.0,fit_ok_best5,1.8605266250377917e-07,True,False
3.2,0.5,fit_ok_best5,1.3387885793352741e-07,True,False
3.2,1.0,fit_ok_best5,1.0719596266606229e-07,True,False
3.2,1.5,fit_ok_best5,1.750159464818007e-07,True,False
3.2,2.0,fit_ok_best5,2.700301769516568e-07,True,False
3.2,2.5,fit_ok_best5,9.32153311810002e-07,True,False
3.2,3.0,fit_ok_best5,1.211663158155078e-06,True,False
3.2,3.5,fit_ok_best5,1.2865209857485415e-06,True,False
3.2,4.0,fit_ok_best5,0.0002572523015109,True,False
3.2,4.5,fit_ok_best5,0.0003048870360237,True,False
3.2,5.0,fit_ok_best5,0.0003239117999471,True,False
3.2,5.5,fit_ok_best5,0.0002631073631261,True,False
3.2,6.0,fit_ok_best5,0.0005683372013423,True,False
3.2,6.5,fit_ok_best5,0.0004958439896839,True,False
3.2,7.0,fit_ok_best5,2.2569963208993773e-05,True,False
3.2,7.5,fit_ok_best5,4.797467905619865e-06,True,False
3.2,8.0,fit_ok_best5,6.673818077820416e-06,True,False
3.2,8.5,fit_ok_best5,8.510936081507187e-06,True,False
3.2,9.0,fit_ok_best5,5.925929248350112e-06,True,False
3.2,9.5,fit_ok_best5,2.3491896678850124e-06,True,False
3.2,10.0,fit_ok_best5,1.985429534493873e-06,True,False
3.2,10.5,fit_ok_best5,1.2885909570185498e-06,True,False
3.2,11.0,fit_ok_best5,2.3793551369774637e-06,True,False
3.2,11.5,fit_ok_best5,2.4360299224308755e-06,True,False
3.2,12.0,fit_ok_best5,1.6439315579956771e-06,True,False
3.2,12.5,fit_ok_best5,3.121086245040067e-06,True,False
3.2,13.0,fit_ok_best5,4.378369372020747e-06,True,False
3.2,13.5,fit_ok_best5,3.2106644809980313e-06,True,False
3.2,14.0,fit_ok_best5,4.082185512324581e-06,True,False
3.2,14.5,fit_ok_best5,4.4369459455587105e-06,True,False
3.2,15.0,fit_ok_best5,1.296623138884703e-06,True,False
3.2,15.5,fit_ok_best5,1.2554795523088511e-06,True,False
3.2,16.0,fit_ok_best5,9.58602974388146e-07,True,False
3.2,16.5,fit_ok_best5,1.0973825002779093e-06,True,False
3.2,17.0,fit_ok_best5,9.715072129019809e-07,True,False
3.2,17.5,fit_ok_best5,8.142373719020732e-07,True,False
3.2,18.0,fit_ok_best5,2.3645133194079053e-06,True,False
3.2,18.5,fit_ok_best5,1.263396886439254e-06,True,False
3.2,19.0,fit_ok_best5,2.890685488236174e-06,True,False
3.2,19.5,insufficient_clean_finite,,False,True
3.2,20.0,insufficient_clean_finite,,False,True
3.25,0.0,fit_ok_best5,3.10821937434493e-07,True,False
3.25,0.5,fit_ok_best5,2.0565480390694115e-07,True,False
3.25,1.0,fit_ok_best5,8.825553479515368e-08,True,False
3.25,1.5,fit_ok_best5,1.475417252807532e-07,True,False
3.25,2.0,fit_ok_best5,2.1202436764884249e-07,True,False
3.25,2.5,fit_ok_best5,6.785233061256298e-07,True,False
3.25,3.0,fit_ok_best5,1.1841582442836967e-06,True,False
3.25,3.5,fit_ok_best5,1.3303341291180908e-06,True,False
3.25,4.0,fit_ok_best5,1.3571198200389618e-06,True,False
3.25,4.5,fit_ok_best5,0.0003707924490875,True,False
3.25,5.0,fit_ok_best5,0.0004273783269509,True,False
3.25,5.5,fit_ok_best5,0.0004407936323908,True,False
3.25,6.0,fit_ok_best5,0.0003291043172519,True,False
3.25,6.5,fit_ok_best5,0.000515214630311,True,False
3.25,7.0,fit_ok_best5,0.0003587587419712,True,False
3.25,7.5,fit_ok_best5,1.117328982574918e-05,True,False
3.25,8.0,fit_ok_best5,5.2175911329409e-06,True,False
3.25,8.5,fit_ok_best5,7.397350263733179e-06,True,False
3.25,9.0,fit_ok_best5,8.21420643378625e-06,True,False
3.25,9.5,fit_ok_best5,4.950824299390706e-06,True,False
3.25,10.0,fit_ok_best5,1.5725858347098804e-06,True,False
3.25,10.5,fit_ok_best5,2.21446699132071e-06,True,False
3.25,11.0,fit_ok_best5,2.1130935869562015e-06,True,False
3.25,11.5,fit_ok_best5,2.725827668689471e-06,True,False
3.25,12.0,fit_ok_best5,2.3080346275614635e-06,True,False
3.25,12.5,fit_ok_best5,2.029497210539592e-06,True,False
3.25,13.0,fit_ok_best5,3.1844453000808984e-06,True,False
3.25,13.5,fit_ok_best5,4.382240867307796e-06,True,False
3.25,14.0,fit_ok_best5,3.263595779130734e-06,True,False
3.25,14.5,fit_ok_best5,4.301260637825123e-06,True,False
3.25,15.0,fit_ok_best5,4.602519366127436e-06,True,False
3.25,15.5,fit_ok_best5,1.7326529947597342e-06,True,False
3.25,16.0,fit_ok_best5,1.334741685370486e-06,True,False
3.25,16.5,fit_ok_best5,9.791879074081464e-07,True,False
3.25,17.0,fit_ok_best5,1.0545091046844615e-06,True,False
3.25,17.5,fit_ok_best5,1.0812125367962267e-06,True,False
3.25,18.0,fit_ok_best5,8.481289595407915e-07,True,False
3.25,18.5,fit_ok_best5,2.53811897237525e-06,True,False
3.25,19.0,insufficient_clean_finite,,False,True
3.25,19.5,insufficient_clean_finite,,False,True
3.25,20.0,insufficient_clean_finite,,False,True
3.3,0.0,fit_ok_best5,3.8254614044175587e-07,True,False
3.3,0.5,fit_ok_best5,3.319840332220767e-07,True,False
3.3,1.0,fit_ok_best5,1.8381995995696392e-07,True,False
3.3,1.5,fit_ok_best5,1.6424682856201574e-07,True,False
3.3,2.0,fit_ok_best5,2.7062629080392e-07,True,False
3.3,2.5,fit_ok_best5,4.5021726526819307e-07,True,False
3.3,3.0,fit_ok_best5,1.212985948047768e-06,True,False
3.3,3.5,fit_ok_best5,1.354108626246876e-06,True,False
3.3,4.0,fit_ok_best5,1.3970211458534806e-06,True,False
3.3,4.5,fit_ok_best5,0.0004209611922276,True,False
3.3,5.0,fit_ok_best5,0.0005037398025513,True,False
3.3,5.5,fit_ok_best5,0.0005678726557442,True,False
3.3,6.0,fit_ok_best5,0.0005658053938704,True,False
3.3,6.5,fit_ok_best5,0.0003595877389609,True,False
3.3,7.0,fit_ok_best5,0.0010512829963696,True,False
3.3,7.5,fit_ok_best5,5.390326412075198e-05,True,False
3.3,8.0,fit_ok_best5,4.693296187194857e-06,True,False
3.3,8.5,fit_ok_best5,6.117105914336086e-06,True,False
3.3,9.0,fit_ok_best5,8.259077911214454e-06,True,False
3.3,9.5,fit_ok_best5,7.465253508645035e-06,True,False
3.3,10.0,fit_ok_best5,3.916413417702081e-06,True,False
3.3,10.5,fit_ok_best5,1.6115977438127784e-06,True,False
3.3,11.0,fit_ok_best5,2.364527266604349e-06,True,False
3.3,11.5,fit_ok_best5,2.585414771594684e-06,True,False
3.3,12.0,fit_ok_best5,2.5233874526967584e-06,True,False
3.3,12.5,fit_ok_best5,2.22986065171977e-06,True,False
3.3,13.0,fit_ok_best5,2.812589278976058e-06,True,False
3.3,13.5,fit_ok_best5,3.302652119022864e-06,True,False
3.3,14.0,fit_ok_best5,4.416950521251605e-06,True,False
3.3,14.5,fit_ok_best5,3.35259505321771e-06,True,False
3.3,15.0,fit_ok_best5,4.445714141598293e-06,True,False
3.3,15.5,fit_ok_best5,4.75544212425208e-06,True,False
3.3,16.0,fit_ok_best5,1.963353103529738e-06,True,False
3.3,16.5,fit_ok_best5,1.415293829091706e-06,True,False
3.3,17.0,fit_ok_best5,1.0078589944619174e-06,True,False
3.3,17.5,fit_ok_best5,1.005653721817618e-06,True,False
3.3,18.0,fit_ok_best5,1.2098356347289548e-06,True,False
3.3,18.5,fit_ok_best5,8.989300213868721e-07,True,False
3.3,19.0,insufficient_clean_finite,,False,True
3.3,19.5,insufficient_clean_finite,,False,True
3.3,20.0,insufficient_clean_finite,,False,True
3.35,0.0,fit_ok_best5,4.489080202948015e-07,True,False
3.35,0.5,fit_ok_best5,4.0393984559051434e-07,True,False
3.35,1.0,fit_ok_best5,2.6618381908095925e-07,True,False
3.35,1.5,fit_ok_best5,1.0345397937370237e-07,True,False
3.35,2.0,fit_ok_best5,1.792746024297145e-07,True,False
3.35,2.5,fit_ok_best5,2.751405113499e-07,True,False
3.35,3.0,fit_ok_best5,1.019523790466268e-06,True,False
3.35,3.5,fit_ok_best5,1.4531108524330489e-06,True,False
3.35,4.0,fit_ok_best5,1.5234123254468906e-06,True,False
3.35,4.5,fit_ok_best5,0.0001756599625657,True,False
3.35,5.0,fit_ok_best5,0.0002296475687683,True,False
3.35,5.5,fit_ok_best5,0.0002680609364026,True,False
3.35,6.0,fit_ok_best5,0.0002590148894472,True,False
3.35,6.5,fit_ok_best5,0.0006899865974648,True,False
3.35,7.0,fit_ok_best5,0.001042757548183,True,False
3.35,7.5,fit_ok_best5,0.0007408814662737,True,False
3.35,8.0,fit_ok_best5,1.9377022023577e-05,True,False
3.35,8.5,fit_ok_best5,5.428166250524553e-06,True,False
3.35,9.0,fit_ok_best5,6.919004531306584e-06,True,False
3.35,9.5,fit_ok_best5,9.272523317776353e-06,True,False
3.35,10.0,fit_ok_best5,6.676726503952928e-06,True,False
3.35,10.5,fit_ok_best5,2.8580586841326266e-06,True,False
3.35,11.0,fit_ok_best5,2.0434281396158293e-06,True,False
3.35,11.5,fit_ok_best5,1.663452531166564e-06,True,False
3.35,12.0,fit_ok_best5,2.5966901458515597e-06,True,False
3.35,12.5,fit_ok_best5,1.461636051217498e-06,True,False
3.35,13.0,fit_ok_best5,2.2038175198573702e-06,True,False
3.35,13.5,fit_ok_best5,2.8435199376985855e-06,True,False
3.35,14.0,fit_ok_best5,3.467534004516018e-06,True,False
3.35,14.5,fit_ok_best5,4.483231987114939e-06,True,False
3.35,15.0,fit_ok_best5,3.4718115153544302e-06,True,False
3.35,15.5,fit_ok_best5,4.5834494503360676e-06,True,False
3.35,16.0,fit_ok_best5,4.898003085556988e-06,True,False
3.35,16.5,fit_ok_best5,1.8199339069075536e-06,True,False
3.35,17.0,fit_ok_best5,1.501612025934856e-06,True,False
3.35,17.5,fit_ok_best5,1.0525992348552306e-06,True,False
3.35,18.0,fit_ok_best5,9.550037610940138e-07,True,False
3.35,18.5,fit_ok_best5,4.185168187373501e-06,True,False
3.35,19.0,insufficient_clean_finite,,False,True
3.35,19.5,insufficient_clean_finite,,False,True
3.35,20.0,insufficient_clean_finite,,False,True
3.4000000000000004,0.0,fit_ok_best5,5.062745247740339e-07,True,False
3.4000000000000004,0.5,fit_ok_best5,4.681929371334465e-07,True,False
3.4000000000000004,1.0,fit_ok_best5,3.469818173691477e-07,True,False
3.4000000000000004,1.5,fit_ok_best5,1.4853588911768254e-07,True,False
3.4000000000000004,2.0,fit_ok_best5,2.1763492202773454e-07,True,False
3.4000000000000004,2.5,fit_ok_best5,2.207939495431623e-07,True,False
3.4000000000000004,3.0,fit_ok_best5,7.290757916458278e-07,True,False
3.4000000000000004,3.5,fit_ok_best5,1.5442718363856248e-06,True,False
3.4000000000000004,4.0,fit_ok_best5,1.6460164909047435e-06,True,False
3.4000000000000004,4.5,fit_ok_best5,1.5743038539581008e-06,True,False
3.4000000000000004,5.0,fit_ok_best5,0.0002874038384527,True,False
3.4000000000000004,5.5,fit_ok_best5,0.0003546625942845,True,False
3.4000000000000004,6.0,fit_ok_best5,0.0003979615316025,True,False
3.4000000000000004,6.5,fit_ok_best5,0.0003693790172227,True,False
3.4000000000000004,7.0,fit_ok_best5,0.0007939724762322,True,False
3.4000000000000004,7.5,fit_ok_best5,0.0008837004870106,True,False
3.4000000000000004,8.0,fit_ok_best5,0.0001300927820838,True,False
3.4000000000000004,8.5,fit_ok_best5,1.2626056870475342e-05,True,False
3.4000000000000004,9.0,fit_ok_best5,5.241912551721413e-06,True,False
3.4000000000000004,9.5,fit_ok_best5,7.704629914196417e-06,True,False
3.4000000000000004,10.0,fit_ok_best5,9.271158010667996e-06,True,False
3.4000000000000004,10.5,fit_ok_best5,5.8834319431921365e-06,True,False
3.4000000000000004,11.0,fit_ok_best5,1.940554666196619e-06,True,False
3.4000000000000004,11.5,fit_ok_best5,2.3897253999943105e-06,True,False
3.4000000000000004,12.0,fit_ok_best5,1.3905176856754628e-06,True,False
3.4000000000000004,12.5,fit_ok_best5,2.716445736763664e-06,True,False
3.4000000000000004,13.0,fit_ok_best5,1.8332551521879704e-06,True,False
3.4000000000000004,13.5,fit_ok_best5,2.2310698371426686e-06,True,False
3.4000000000000004,14.0,fit_ok_best5,3.2554117553661323e-06,True,False
3.4000000000000004,14.5,fit_ok_best5,3.667535156891028e-06,True,False
3.4000000000000004,15.0,fit_ok_best5,4.579954073892821e-06,True,False
3.4000000000000004,15.5,fit_ok_best5,3.615611282158403e-06,True,False
3.4000000000000004,16.0,fit_ok_best5,4.718664982863211e-06,True,False
3.4000000000000004,16.5,fit_ok_best5,5.032244371642454e-06,True,False
3.4000000000000004,17.0,fit_ok_best5,1.835495603224968e-06,True,False
3.4000000000000004,17.5,fit_ok_best5,1.596616175001476e-06,True,False
3.4000000000000004,18.0,fit_ok_best5,1.1198718305721142e-06,True,False
3.4000000000000004,18.5,insufficient_clean_finite,,False,True
3.4000000000000004,19.0,insufficient_clean_finite,,False,True
3.4000000000000004,19.5,insufficient_clean_finite,,False,True
3.4000000000000004,20.0,insufficient_clean_finite,,False,True
3.45,0.0,fit_ok_best5,4.3826233092665043e-07,True,False
3.45,0.5,fit_ok_best5,4.5220255193188196e-07,True,False
3.45,1.0,fit_ok_best5,4.200159359369368e-07,True,False
3.45,1.5,fit_ok_best5,2.3322430256759586e-07,True,False
3.45,2.0,fit_ok_best5,1.8572240384816626e-07,True,False
3.45,2.5,fit_ok_best5,2.405252155412006e-07,True,False
3.45,3.0,fit_ok_best5,4.782476832397486e-07,True,False
3.45,3.5,fit_ok_best5,1.4622724058664568e-06,True,False
3.45,4.0,fit_ok_best5,1.8421622428056956e-06,True,False
3.45,4.5,fit_ok_best5,1.8339585726790735e-06,True,False
3.45,5.0,fit_ok_best5,0.0003329765183785,True,False
3.45,5.5,fit_ok_best5,0.0004211973370868,True,False
3.45,6.0,fit_ok_best5,0.0005015925821734,True,False
3.45,6.5,fit_ok_best5,0.0005459252402121,True,False
3.45,7.0,fit_ok_best5,0.0004791768127057,True,False
3.45,7.5,fit_ok_best5,0.0008331019843588,True,False
3.45,8.0,fit_ok_best5,0.0009093247330509,True,False
3.45,8.5,fit_ok_best5,4.227502469059435e-05,True,False
3.45,9.0,fit_ok_best5,5.143248634039816e-06,True,False
3.45,9.5,fit_ok_best5,6.001436874558789e-06,True,False
3.45,10.0,fit_ok_best5,8.54440622818663e-06,True,False
3.45,10.5,fit_ok_best5,8.659254628438317e-06,True,False
3.45,11.0,fit_ok_best5,5.071304251041904e-06,True,False
3.45,11.5,fit_ok_best5,1.5142873262659146e-06,True,False
3.45,12.0,fit_ok_best5,2.5777684227825243e-06,True,False
3.45,12.5,fit_ok_best5,2.025563302936237e-06,True,False
3.45,13.0,fit_ok_best5,2.9552339131492787e-06,True,False
3.45,13.5,fit_ok_best5,2.751336008329537e-06,True,False
3.45,14.0,fit_ok_best5,2.311314794052228e-06,True,False
3.45,14.5,fit_ok_best5,3.964971493198017e-06,True,False
3.45,15.0,fit_ok_best5,3.887563982157407e-06,True,False
3.45,15.5,fit_ok_best5,4.705408985686964e-06,True,False
3.45,16.0,fit_ok_best5,3.7790489394136294e-06,True,False
3.45,16.5,fit_ok_best5,4.852406554306819e-06,True,False
3.45,17.0,fit_ok_best5,5.160051961355448e-06,True,False
3.45,17.5,fit_ok_best5,1.949464946356543e-06,True,False
3.45,18.0,fit_ok_best5,1.7017869964425135e-06,True,False
3.45,18.5,insufficient_clean_finite,,False,True
3.45,19.0,insufficient_clean_finite,,False,True
3.45,19.5,insufficient_clean_finite,,False,True
3.45,20.0,insufficient_clean_finite,,False,True
3.5,0.0,fit_ok_best5,3.822818374059334e-07,True,False
3.5,0.5,fit_ok_best5,3.9589497875623635e-07,True,False
3.5,1.0,fit_ok_best5,3.808135802108862e-07,True,False
3.5,1.5,fit_ok_best5,3.205120719892684e-07,True,False
3.5,2.0,fit_ok_best5,1.4031075228741386e-07,True,False
3.5,2.5,fit_ok_best5,1.815991222896972e-07,True,False
3.5,3.0,fit_ok_best5,2.4055272600677797e-07,True,False
3.5,3.5,fit_ok_best5,1.108258355277411e-06,True,False
3.5,4.0,fit_ok_best5,2.0175753186616763e-06,True,False
3.5,4.5,fit_ok_best5,2.097959400075406e-06,True,False
3.5,5.0,fit_ok_best5,1.8989866100082968e-06,True,False
3.5,5.5,fit_ok_best5,0.0004715514868362,True,False
3.5,6.0,fit_ok_best5,0.0005775062719543,True,False
3.5,6.5,fit_ok_best5,0.0006708666684693,True,False
3.5,7.0,fit_ok_best5,0.0007095602141636,True,False
3.5,7.5,fit_ok_best5,0.0005700056969589,True,False
3.5,8.0,fit_ok_best5,0.0006922755500144,True,False
3.5,8.5,fit_ok_best5,0.006950278843725,True,False
3.5,9.0,fit_ok_best5,1.8842014794419396e-05,True,False
3.5,9.5,fit_ok_best5,7.010384986463896e-06,True,False
3.5,10.0,fit_ok_best5,6.799717003595139e-06,True,False
3.5,10.5,fit_ok_best5,9.465107333980696e-06,True,False
3.5,11.0,fit_ok_best5,8.044763855914362e-06,True,False
3.5,11.5,fit_ok_best5,4.222710329251309e-06,True,False
3.5,12.0,fit_ok_best5,1.74514567739978e-06,True,False
3.5,12.5,fit_ok_best5,2.6798739456007757e-06,True,False
3.5,13.0,fit_ok_best5,2.764839231440765e-06,True,False
3.5,13.5,fit_ok_best5,3.310489788008782e-06,True,False
3.5,14.0,fit_ok_best5,3.2013173288632294e-06,True,False
3.5,14.5,fit_ok_best5,2.44115366922448e-06,True,False
3.5,15.0,fit_ok_best5,4.242824296028051e-06,True,False
3.5,15.5,fit_ok_best5,4.109618846514237e-06,True,False
3.5,16.0,fit_ok_best5,4.8579025353760785e-06,True,False
3.5,16.5,fit_ok_best5,3.958576875975237e-06,True,False
3.5,17.0,fit_ok_best5,4.985529994832486e-06,True,False
3.5,17.5,fit_ok_best5,5.283192639115892e-06,True,False
3.5,18.0,insufficient_clean_finite,,False,True
3.5,18.5,insufficient_clean_finite,,False,True
3.5,19.0,insufficient_clean_finite,,False,True
3.5,19.5,insufficient_clean_finite,,False,True
3.5,20.0,insufficient_clean_finite,,False,True
3.55,0.0,fit_ok_best5,2.703936647470004e-07,True,False
3.55,0.5,fit_ok_best5,2.823553550405702e-07,True,False
3.55,1.0,fit_ok_best5,3.153131534245465e-07,True,False
3.55,1.5,fit_ok_best5,3.562882256526698e-07,True,False
3.55,2.0,fit_ok_best5,1.873130219317011e-07,True,False
3.55,2.5,fit_ok_best5,1.3124300267265185e-07,True,False
3.55,3.0,fit_ok_best5,1.1792000100688473e-07,True,False
3.55,3.5,fit_ok_best5,7.516410574978391e-07,True,False
3.55,4.0,fit_ok_best5,1.9953431697321575e-06,True,False
3.55,4.5,fit_ok_best5,2.4216186419197147e-06,True,False
3.55,5.0,fit_ok_best5,3.570034529181295e-06,True,False
3.55,5.5,fit_ok_best5,0.0005088828976008,True,False
3.55,6.0,fit_ok_best5,0.0002671618500642,True,False
3.55,6.5,fit_ok_best5,0.0003276192779135,True,False
3.55,7.0,fit_ok_best5,0.0003478492353818,True,False
3.55,7.5,fit_ok_best5,0.0008837103526488,True,False
3.55,8.0,fit_ok_best5,0.0006021766663152,True,False
3.55,8.5,fit_ok_best5,0.0009663890949406,True,False
3.55,9.0,fit_ok_best5,9.23998178008108e-05,True,False
3.55,9.5,fit_ok_best5,1.4815982608066246e-05,True,False
3.55,10.0,fit_ok_best5,5.632470091415109e-06,True,False
3.55,10.5,fit_ok_best5,7.555449482157789e-06,True,False
3.55,11.0,fit_ok_best5,1.0462925304664937e-05,True,False
3.55,11.5,fit_ok_best5,7.47097208263806e-06,True,False
3.55,12.0,fit_ok_best5,3.354192863913832e-06,True,False
3.55,12.5,fit_ok_best5,2.22202679831307e-06,True,False
3.55,13.0,fit_ok_best5,2.7975300048013765e-06,True,False
3.55,13.5,fit_ok_best5,3.147138844410851e-06,True,False
3.55,14.0,fit_ok_best5,3.252430317139401e-06,True,False
3.55,14.5,fit_ok_best5,3.2485500263338363e-06,True,False
3.55,15.0,fit_ok_best5,2.6122811903350567e-06,True,False
3.55,15.5,fit_ok_best5,4.364754729685179e-06,True,False
3.55,16.0,fit_ok_best5,4.315216432694263e-06,True,False
3.55,16.5,fit_ok_best5,5.036010950092554e-06,True,False
3.55,17.0,fit_ok_best5,4.152701066656351e-06,True,False
3.55,17.5,fit_ok_best5,5.1190833734834775e-06,True,False
3.55,18.0,insufficient_clean_finite,,False,True
3.55,18.5,insufficient_clean_finite,,False,True
3.55,19.0,insufficient_clean_finite,,False,True
3.55,19.5,insufficient_clean_finite,,False,True
3.55,20.0,insufficient_clean_finite,,False,True
3.6,0.0,fit_ok_best5,1.998038407843173e-07,True,False
3.6,0.5,fit_ok_best5,2.137810952209983e-07,True,False
3.6,1.0,fit_ok_best5,2.497528904793811e-07,True,False
3.6,1.5,fit_ok_best5,2.897554691939035e-07,True,False
3.6,2.0,fit_ok_best5,3.08038972373446e-07,True,False
3.6,2.5,fit_ok_best5,1.656408387088488e-07,True,False
3.6,3.0,fit_ok_best5,1.3889713904799038e-07,True,False
3.6,3.5,fit_ok_best5,5.375443449000177e-07,True,False
3.6,4.0,fit_ok_best5,1.5708228750720172e-06,True,False
3.6,4.5,fit_ok_best5,2.696720694087251e-06,True,False
3.6,5.0,fit_ok_best5,2.7941112280832474e-06,True,False
3.6,5.5,fit_ok_best5,0.0002360558030843,True,False
3.6,6.0,fit_ok_best5,0.0003246764954067,True,False
3.6,6.5,fit_ok_best5,0.0004136626204877,True,False
3.6,7.0,fit_ok_best5,0.0004852381121187,True,False
3.6,7.5,fit_ok_best5,0.0004963930624951,True,False
3.6,8.0,fit_ok_best5,0.0010563541029201,True,False
3.6,8.5,fit_ok_best5,0.0006110361569477,True,False
3.6,9.0,fit_ok_best5,0.0091373704188802,True,False
3.6,9.5,fit_ok_best5,4.377128667071161e-05,True,False
3.6,10.0,fit_ok_best5,7.625958714238293e-06,True,False
3.6,10.5,fit_ok_best5,5.8096226098417665e-06,True,False
3.6,11.0,fit_ok_best5,8.298909501807477e-06,True,False
3.6,11.5,fit_ok_best5,1.0503084452922448e-05,True,False
3.6,12.0,fit_ok_best5,6.9446075499354265e-06,True,False
3.6,12.5,fit_ok_best5,2.5313171924761366e-06,True,False
3.6,13.0,fit_ok_best5,2.6588290520467475e-06,True,False
3.6,13.5,fit_ok_best5,2.291987896763399e-06,True,False
3.6,14.0,fit_ok_best5,3.1888191004858735e-06,True,False
3.6,14.5,fit_ok_best5,3.2027720782868344e-06,True,False
3.6,15.0,fit_ok_best5,3.3270044977890618e-06,True,False
3.6,15.5,fit_ok_best5,2.811141261485015e-06,True,False
3.6,16.0,fit_ok_best5,4.505693312063614e-06,True,False
3.6,16.5,fit_ok_best5,4.489760308203238e-06,True,False
3.6,17.0,fit_ok_best5,5.23865419282729e-06,True,False
3.6,17.5,insufficient_clean_finite,,False,True
3.6,18.0,insufficient_clean_finite,,False,True
3.6,18.5,insufficient_clean_finite,,False,True
3.6,19.0,insufficient_clean_finite,,False,True
3.6,19.5,insufficient_clean_finite,,False,True
3.6,20.0,insufficient_clean_finite,,False,True
3.65,0.0,fit_ok_best5,2.3212495978776034e-07,True,False
3.65,0.5,fit_ok_best5,2.5506725300876505e-07,True,False
3.65,1.0,fit_ok_best5,3.1141487985585265e-07,True,False
3.65,1.5,fit_ok_best5,3.451940424664167e-07,True,False
3.65,2.0,fit_ok_best5,3.1476767602580353e-07,True,False
3.65,2.5,fit_ok_best5,1.418191888387586e-07,True,False
3.65,3.0,fit_ok_best5,1.832000802421806e-07,True,False
3.65,3.5,fit_ok_best5,4.6305320712382827e-07,True,False
3.65,4.0,fit_ok_best5,1.1752411335552163e-06,True,False
3.65,4.5,fit_ok_best5,2.5792951456677234e-06,True,False
3.65,5.0,fit_ok_best5,3.265562741728056e-06,True,False
3.65,5.5,fit_ok_best5,3.1650677127876684e-06,True,False
3.65,6.0,fit_ok_best5,0.0003697328131581,True,False
3.65,6.5,fit_ok_best5,0.0004792178080327,True,False
3.65,7.0,fit_ok_best5,0.000586616833124,True,False
3.65,7.5,fit_ok_best5,0.0006675448044641,True,False
3.65,8.0,fit_ok_best5,0.0006565399905172,True,False
3.65,8.5,fit_ok_best5,0.0011983458498982,True,False
3.65,9.0,fit_ok_best5,0.0009523227799836,True,False
3.65,9.5,fit_ok_best5,0.00020231271748,True,False
3.65,10.0,fit_ok_best5,2.153796594552647e-05,True,False
3.65,10.5,fit_ok_best5,6.561992794521303e-06,True,False
3.65,11.0,fit_ok_best5,6.397131926920199e-06,True,False
3.65,11.5,fit_ok_best5,9.057037211431027e-06,True,False
3.65,12.0,fit_ok_best5,1.0073624564031567e-05,True,False
3.65,12.5,fit_ok_best5,6.449802276627092e-06,True,False
3.65,13.0,fit_ok_best5,1.878627930941795e-06,True,False
3.65,13.5,fit_ok_best5,2.990757630114912e-06,True,False
3.65,14.0,fit_ok_best5,1.7279145683401942e-06,True,False
3.65,14.5,fit_ok_best5,3.2619680281000167e-06,True,False
3.65,15.0,fit_ok_best5,3.2596070599459494e-06,True,False
3.65,15.5,fit_ok_best5,3.435540464538786e-06,True,False
3.65,16.0,fit_ok_best5,3.0209137523530654e-06,True,False
3.65,16.5,fit_ok_best5,4.664742214215576e-06,True,False
3.65,17.0,fit_ok_best5,4.62742781144344e-06,True,False
3.65,17.5,insufficient_clean_finite,,False,True
3.65,18.0,insufficient_clean_finite,,False,True
3.65,18.5,insufficient_clean_finite,,False,True
3.65,19.0,insufficient_clean_finite,,False,True
3.65,19.5,insufficient_clean_finite,,False,True
3.65,20.0,insufficient_clean_finite,,False,True
3.7,0.0,fit_ok_best5,2.399489024540236e-07,True,False
3.7,0.5,fit_ok_best5,2.520965143721498e-07,True,False
3.7,1.0,fit_ok_best5,2.8570392722049213e-07,True,False
3.7,1.5,fit_ok_best5,3.294060359198751e-07,True,False
3.7,2.0,fit_ok_best5,2.813030765198623e-07,True,False
3.7,2.5,fit_ok_best5,6.426651389575322e-08,True,False
3.7,3.0,fit_ok_best5,9.98936187968207e-08,True,False
3.7,3.5,fit_ok_best5,5.72247405797362e-07,True,False
3.7,4.0,fit_ok_best5,9.777407777316177e-07,True,False
3.7,4.5,fit_ok_best5,2.076696488015277e-06,True,False
3.7,5.0,fit_ok_best5,3.6378164211615392e-06,True,False
3.7,5.5,fit_ok_best5,3.8181767151325366e-06,True,False
3.7,6.0,fit_ok_best5,0.0004044755576838,True,False
3.7,6.5,fit_ok_best5,0.0005283604277877,True,False
3.7,7.0,fit_ok_best5,0.0006600919049476,True,False
3.7,7.5,fit_ok_best5,0.0007870572593545,True,False
3.7,8.0,fit_ok_best5,0.0008742986795009,True,False
3.7,8.5,fit_ok_best5,0.0008169264959055,True,False
3.7,9.0,fit_ok_best5,0.0012341071213627,True,False
3.7,9.5,fit_ok_best5,0.0012461613001676,True,False
3.7,10.0,fit_ok_best5,9.046515841245584e-05,True,False
3.7,10.5,fit_ok_best5,1.6073666253256175e-05,True,False
3.7,11.0,fit_ok_best5,7.700058219243473e-06,True,False
3.7,11.5,fit_ok_best5,7.035266051393418e-06,True,False
3.7,12.0,fit_ok_best5,9.842741276261516e-06,True,False
3.7,12.5,fit_ok_best5,9.680733069924817e-06,True,False
3.7,13.0,fit_ok_best5,5.968210108988444e-06,True,False
3.7,13.5,fit_ok_best5,1.5772605035245155e-06,True,False
3.7,14.0,fit_ok_best5,3.226062599509386e-06,True,False
3.7,14.5,fit_ok_best5,1.5795924432533936e-06,True,False
3.7,15.0,fit_ok_best5,3.361360128203186e-06,True,False
3.7,15.5,fit_ok_best5,2.8809217232408546e-06,True,False
3.7,16.0,fit_ok_best5,3.5732289817051667e-06,True,False
3.7,16.5,fit_ok_best5,3.225341351064323e-06,True,False
3.7,17.0,insufficient_clean_finite,,False,True
3.7,17.5,insufficient_clean_finite,,False,True
3.7,18.0,insufficient_clean_finite,,False,True
3.7,18.5,insufficient_clean_finite,,False,True
3.7,19.0,insufficient_clean_finite,,False,True
3.7,19.5,insufficient_clean_finite,,False,True
3.7,20.0,insufficient_clean_finite,,False,True
3.75,0.0,fit_ok_best5,1.74116750227444e-07,True,False
3.75,0.5,fit_ok_best5,1.8324897423420055e-07,True,False
3.75,1.0,fit_ok_best5,2.06919565028177e-07,True,False
3.75,1.5,fit_ok_best5,2.3606215788156177e-07,True,False
3.75,2.0,fit_ok_best5,2.3797803206932618e-07,True,False
3.75,2.5,fit_ok_best5,2.3113660223570177e-07,True,False
3.75,3.0,fit_ok_best5,9.813675908031499e-08,True,False
3.75,3.5,fit_ok_best5,3.963924689517726e-07,True,False
3.75,4.0,fit_ok_best5,9.81556033042034e-07,True,False
3.75,4.5,fit_ok_best5,1.6555923001058106e-06,True,False
3.75,5.0,fit_ok_best5,3.1492051787384507e-06,True,False
3.75,5.5,fit_ok_best5,4.433758414272731e-06,True,False
3.75,6.0,fit_ok_best5,4.377255693606024e-06,True,False
3.75,6.5,fit_ok_best5,0.0005644080973181,True,False
3.75,7.0,fit_ok_best5,0.0003112374763096,True,False
3.75,7.5,fit_ok_best5,0.0003968098646555,True,False
3.75,8.0,fit_ok_best5,0.0004521772074421,True,False
3.75,8.5,fit_ok_best5,0.001104236218847,True,False
3.75,9.0,fit_ok_best5,0.0009523079150572,True,False
3.75,9.5,fit_ok_best5,0.0008869550917477,True,False
3.75,10.0,fit_ok_best5,0.0004601382542414,True,False
3.75,10.5,fit_ok_best5,4.973053539729726e-05,True,False
3.75,11.0,fit_ok_best5,1.3215601311110625e-05,True,False
3.75,11.5,fit_ok_best5,6.622166959658173e-06,True,False
3.75,12.0,fit_ok_best5,7.650365941963333e-06,True,False
3.75,12.5,fit_ok_best5,1.0657732885043856e-05,True,False
3.75,13.0,fit_ok_best5,9.35651095387306e-06,True,False
3.75,13.5,fit_ok_best5,5.491339298442121e-06,True,False
3.75,14.0,fit_ok_best5,1.698621668313163e-06,True,False
3.75,14.5,fit_ok_best5,3.391396704515675e-06,True,False
3.75,15.0,fit_ok_best5,1.804877672961601e-06,True,False
3.75,15.5,fit_ok_best5,3.481309275566451e-06,True,False
3.75,16.0,fit_ok_best5,2.5468110408409755e-06,True,False
3.75,16.5,fit_ok_all_finite_fallback,,False,True
3.75,17.0,insufficient_clean_finite,,False,True
3.75,17.5,insufficient_clean_finite,,False,True
3.75,18.0,insufficient_clean_finite,,False,True
3.75,18.5,insufficient_clean_finite,,False,True
3.75,19.0,insufficient_clean_finite,,False,True
3.75,19.5,insufficient_clean_finite,,False,True
3.75,20.0,insufficient_clean_finite,,False,True
3.8,0.0,fit_ok_best5,2.167969840228067e-07,True,False
3.8,0.5,fit_ok_best5,2.28808189095577e-07,True,False
3.8,1.0,fit_ok_best5,2.5693101294565376e-07,True,False
3.8,1.5,fit_ok_best5,2.684471988004804e-07,True,False
3.8,2.0,fit_ok_best5,2.571524437997315e-07,True,False
3.8,2.5,fit_ok_best5,1.6555734003454737e-07,True,False
3.8,3.0,fit_ok_best5,1.3886290329220544e-07,True,False
3.8,3.5,fit_ok_best5,3.3068621620125e-07,True,False
3.8,4.0,fit_ok_best5,9.217324883511336e-07,True,False
3.8,4.5,fit_ok_best5,1.5003809556594282e-06,True,False
3.8,5.0,fit_ok_best5,2.56985660596382e-06,True,False
3.8,5.5,fit_ok_best5,4.473089780824981e-06,True,False
3.8,6.0,fit_ok_best5,5.234203551208328e-06,True,False
3.8,6.5,fit_ok_best5,0.0003424127720708,True,False
3.8,7.0,fit_ok_best5,0.0003672564685395,True,False
3.8,7.5,fit_ok_best5,0.0004804675792803,True,False
3.8,8.0,fit_ok_best5,0.0005848758051752,True,False
3.8,8.5,fit_ok_best5,0.0006440485393502,True,False
3.8,9.0,fit_ok_best5,0.0005587599588768,True,False
3.8,9.5,fit_ok_best5,0.0010009514332113,True,False
3.8,10.0,fit_ok_best5,0.0002449631422303,True,False
3.8,10.5,fit_ok_best5,0.0001852837759644,True,False
3.8,11.0,fit_ok_best5,2.8034460798541647e-05,True,False
3.8,11.5,fit_ok_best5,8.220696502406608e-06,True,False
3.8,12.0,fit_ok_best5,6.479424366923746e-06,True,False
3.8,12.5,fit_ok_best5,8.236904621199737e-06,True,False
3.8,13.0,fit_ok_best5,1.149596610015644e-05,True,False
3.8,13.5,fit_ok_best5,9.115682970611426e-06,True,False
3.8,14.0,fit_ok_best5,5.023166759352093e-06,True,False
3.8,14.5,fit_ok_best5,2.058741398582558e-06,True,False
3.8,15.0,fit_ok_best5,3.5145420053111997e-06,True,False
3.8,15.5,fit_ok_best5,2.1771397820491186e-06,True,False
3.8,16.0,fit_ok_best5,3.616276457006156e-06,True,False
3.8,16.5,insufficient_clean_finite,,False,True
3.8,17.0,insufficient_clean_finite,,False,True
3.8,17.5,insufficient_clean_finite,,False,True
3.8,18.0,insufficient_clean_finite,,False,True
3.8,18.5,insufficient_clean_finite,,False,True
3.8,19.0,insufficient_clean_finite,,False,True
3.8,19.5,insufficient_clean_finite,,False,True
3.8,20.0,insufficient_clean_finite,,False,True
3.85,0.0,fit_ok_best5,1.877689942709239e-07,True,False
3.85,0.5,fit_ok_best5,1.990277788586489e-07,True,False
3.85,1.0,fit_ok_best5,2.3117768094206487e-07,True,False
3.85,1.5,fit_ok_best5,2.759249408805817e-07,True,False
3.85,2.0,fit_ok_best5,2.676700019106543e-07,True,False
3.85,2.5,fit_ok_best5,2.350363498680005e-07,True,False
3.85,3.0,fit_ok_best5,9.808033370325341e-08,True,False
3.85,3.5,fit_ok_best5,3.895164338576929e-07,True,False
3.85,4.0,fit_ok_best5,7.650969627856434e-07,True,False
3.85,4.5,fit_ok_best5,1.6007965953304428e-06,True,False
3.85,5.0,fit_ok_best5,2.1478860623487936e-06,True,False
3.85,5.5,fit_ok_best5,3.628694552922255e-06,True,False
3.85,6.0,fit_ok_best5,5.949071768505242e-06,True,False
3.85,6.5,fit_ok_best5,0.000291326525934,True,False
3.85,7.0,fit_ok_best5,0.0004106969835451,True,False
3.85,7.5,fit_ok_best5,0.000543490609647,True,False
3.85,8.0,fit_ok_best5,0.0006815312017507,True,False
3.85,8.5,fit_ok_best5,0.0008052082363325,True,False
3.85,9.0,fit_ok_best5,0.0008612732681454,True,False
3.85,9.5,fit_ok_best5,0.0006863574794131,True,False
3.85,10.0,fit_ok_best5,0.0007828976195074,True,False
3.85,10.5,fit_ok_best5,0.0070227389277518,True,False
3.85,11.0,fit_ok_best5,0.0001049975208724,True,False
3.85,11.5,fit_ok_best5,1.9618805531128265e-05,True,False
3.85,12.0,fit_ok_best5,7.483610472781663e-06,True,False
3.85,12.5,fit_ok_best5,6.732773566494074e-06,True,False
3.85,13.0,fit_ok_best5,8.800812427104475e-06,True,False
3.85,13.5,fit_ok_best5,1.2346479170462117e-05,True,False
3.85,14.0,fit_ok_best5,8.959229419970036e-06,True,False
3.85,14.5,fit_ok_best5,4.577164376535136e-06,True,False
3.85,15.0,fit_ok_best5,2.4743864336198953e-06,True,False
3.85,15.5,fit_ok_best5,3.618513586694963e-06,True,False
3.85,16.0,insufficient_clean_finite,,False,True
3.85,16.5,insufficient_clean_finite,,False,True
3.85,17.0,insufficient_clean_finite,,False,True
3.85,17.5,insufficient_clean_finite,,False,True
3.85,18.0,insufficient_clean_finite,,False,True
3.85,18.5,insufficient_clean_finite,,False,True
3.85,19.0,insufficient_clean_finite,,False,True
3.85,19.5,insufficient_clean_finite,,False,True
3.85,20.0,insufficient_clean_finite,,False,True
3.9,0.0,fit_ok_best5,1.644979856916277e-07,True,False
3.9,0.5,fit_ok_best5,1.6758589251964344e-07,True,False
3.9,1.0,fit_ok_best5,1.7641957461491305e-07,True,False
3.9,1.5,fit_ok_best5,1.908932658951282e-07,True,False
3.9,2.0,fit_ok_best5,2.0699878235753085e-07,True,False
3.9,2.5,fit_ok_best5,1.6767102782850477e-07,True,False
3.9,3.0,fit_ok_best5,7.055234176277662e-08,True,False
3.9,3.5,fit_ok_best5,2.810969068345737e-07,True,False
3.9,4.0,fit_ok_best5,7.806573139882629e-07,True,False
3.9,4.5,fit_ok_best5,1.3303663654232866e-06,True,False
3.9,5.0,fit_ok_best5,2.06830588748938e-06,True,False
3.9,5.5,fit_ok_best5,2.9962486374235715e-06,True,False
3.9,6.0,fit_ok_best5,4.91273058990597e-06,True,False
3.9,6.5,fit_ok_best5,7.061141890049656e-06,True,False
3.9,7.0,fit_ok_best5,0.000443750262711,True,False
3.9,7.5,fit_ok_best5,0.0005900956764628,True,False
3.9,8.0,fit_ok_best5,0.0007505679800715,True,False
3.9,8.5,fit_ok_best5,0.0009158067143017,True,False
3.9,9.0,fit_ok_best5,0.0010594037642655,True,False
3.9,9.5,fit_ok_best5,0.001099325729403,True,False
3.9,10.0,fit_ok_best5,0.0007464640187585,True,False
3.9,10.5,fit_ok_best5,0.0006099030966795,True,False
3.9,11.0,fit_ok_best5,0.0003845863404084,True,False
3.9,11.5,fit_ok_best5,6.405137918036513e-05,True,False
3.9,12.0,fit_ok_best5,1.769331507154563e-05,True,False
3.9,12.5,fit_ok_best5,9.5468904373207e-06,True,False
3.9,13.0,fit_ok_best5,7.1233684047437995e-06,True,False
3.9,13.5,fit_ok_best5,9.346834646326396e-06,True,False
3.9,14.0,fit_ok_best5,1.2595630604525636e-05,True,False
3.9,14.5,fit_ok_best5,8.881392294761881e-06,True,False
3.9,15.0,fit_ok_best5,4.171614894655523e-06,True,False
3.9,15.5,fit_ok_best5,2.8691106057155984e-06,True,False
3.9,16.0,insufficient_clean_finite,,False,True
3.9,16.5,insufficient_clean_finite,,False,True
3.9,17.0,insufficient_clean_finite,,False,True
3.9,17.5,insufficient_clean_finite,,False,True
3.9,18.0,insufficient_clean_finite,,False,True
3.9,18.5,insufficient_clean_finite,,False,True
3.9,19.0,insufficient_clean_finite,,False,True
3.9,19.5,insufficient_clean_finite,,False,True
3.9,20.0,insufficient_clean_finite,,False,True
3.95,0.0,fit_ok_best5,2.921881535953518e-07,True,False
3.95,0.5,fit_ok_best5,2.958336664424799e-07,True,False
3.95,1.0,fit_ok_best5,3.013816790146155e-07,True,False
3.95,1.5,fit_ok_best5,2.965425595189858e-07,True,False
3.95,2.0,fit_ok_best5,2.7175561469571476e-07,True,False
3.95,2.5,fit_ok_best5,2.4179151288666776e-07,True,False
3.95,3.0,fit_ok_best5,1.7439959370325313e-07,True,False
3.95,3.5,fit_ok_best5,2.4887769961199746e-07,True,False
3.95,4.0,fit_ok_best5,7.06590404373095e-07,True,False
3.95,4.5,fit_ok_best5,1.2207790390790507e-06,True,False
3.95,5.0,fit_ok_best5,2.038970486525552e-06,True,False
3.95,5.5,fit_ok_best5,2.6746695451923853e-06,True,False
3.95,6.0,fit_ok_best5,3.954336710134842e-06,True,False
3.95,6.5,fit_ok_best5,6.447718202752275e-06,True,False
3.95,7.0,fit_ok_best5,0.00046833549319,True,False
3.95,7.5,fit_ok_best5,0.0006237052725008,True,False
3.95,8.0,fit_ok_best5,0.00079841707198,True,False
3.95,8.5,fit_ok_best5,0.0004759005146268,True,False
3.95,9.0,fit_ok_best5,0.0005730893370766,True,False
3.95,9.5,fit_ok_best5,0.0006005200670821,True,False
3.95,10.0,fit_ok_best5,0.0013463627596468,True,False
3.95,10.5,fit_ok_best5,0.0006505338698317,True,False
3.95,11.0,fit_ok_best5,0.006948867360055,True,False
3.95,11.5,fit_ok_best5,0.0002062630913275,True,False
3.95,12.0,fit_ok_best5,4.0718506230918064e-05,True,False
3.95,12.5,fit_ok_best5,1.4059062519085902e-05,True,False
3.95,13.0,fit_ok_best5,9.391343739501476e-06,True,False
3.95,13.5,fit_ok_best5,7.547997030057576e-06,True,False
3.95,14.0,fit_ok_best5,9.876497860985795e-06,True,False
3.95,14.5,fit_ok_best5,1.2502900505100192e-05,True,False
3.95,15.0,fit_ok_best5,8.87571467248939e-06,True,False
3.95,15.5,insufficient_clean_finite,,False,True
3.95,16.0,insufficient_clean_finite,,False,True
3.95,16.5,insufficient_clean_finite,,False,True
3.95,17.0,insufficient_clean_finite,,False,True
3.95,17.5,insufficient_clean_finite,,False,True
3.95,18.0,insufficient_clean_finite,,False,True
3.95,18.5,insufficient_clean_finite,,False,True
3.95,19.0,insufficient_clean_finite,,False,True
3.95,19.5,insufficient_clean_finite,,False,True
3.95,20.0,insufficient_clean_finite,,False,True
4.0,0.0,fit_ok_best5,4.601970733890281e-07,True,False
4.0,0.5,fit_ok_best5,4.716060543090623e-07,True,False
4.0,1.0,fit_ok_best5,4.974027869216331e-07,True,False
4.0,1.5,fit_ok_best5,5.160081912936194e-07,True,False
4.0,2.0,fit_ok_best5,5.037120284379524e-07,True,False
4.0,2.5,fit_ok_best5,4.496710219703273e-07,True,False
4.0,3.0,fit_ok_best5,4.01645881081046e-07,True,False
4.0,3.5,fit_ok_best5,3.703864607773009e-07,True,False
4.0,4.0,fit_ok_best5,6.047290224054144e-07,True,False
4.0,4.5,fit_ok_best5,1.315763929008597e-06,True,False
4.0,5.0,fit_ok_best5,1.7601751842407237e-06,True,False
4.0,5.5,fit_ok_best5,2.658263741326893e-06,True,False
4.0,6.0,fit_ok_best5,3.3284018659757062e-06,True,False
4.0,6.5,fit_ok_best5,5.102861995843124e-06,True,False
4.0,7.0,fit_ok_best5,0.0004860683864634,True,False
4.0,7.5,fit_ok_best5,0.0006470258804799,True,False
4.0,8.0,fit_ok_best5,0.0004146754655722,True,False
4.0,8.5,fit_ok_best5,0.0005551362463097,True,False
4.0,9.0,fit_ok_best5,0.0006975933465834,True,False
4.0,9.5,fit_ok_best5,0.0008135365695276,True,False
4.0,10.0,fit_ok_best5,0.0008248729718566,True,False
4.0,10.5,fit_ok_best5,0.0015706281780281,True,False
4.0,11.0,fit_ok_best5,0.000894991731078,True,False
4.0,11.5,fit_ok_best5,0.0008331064137756,True,False
4.0,12.0,fit_ok_best5,0.0001352529996054,True,False
4.0,12.5,fit_ok_best5,2.888367062969234e-05,True,False
4.0,13.0,fit_ok_best5,1.3422293218314356e-05,True,False
4.0,13.5,fit_ok_best5,8.781923534582333e-06,True,False
4.0,14.0,fit_ok_best5,7.969660053322242e-06,True,False
4.0,14.5,fit_ok_best5,1.0388483172402808e-05,True,False
4.0,15.0,fit_ok_best5,1.2469258164227682e-05,True,False
4.0,15.5,insufficient_clean_finite,,False,True
4.0,16.0,insufficient_clean_finite,,False,True
4.0,16.5,insufficient_clean_finite,,False,True
4.0,17.0,insufficient_clean_finite,,False,True
4.0,17.5,insufficient_clean_finite,,False,True
4.0,18.0,insufficient_clean_finite,,False,True
4.0,18.5,insufficient_clean_finite,,False,True
4.0,19.0,insufficient_clean_finite,,False,True
4.0,19.5,insufficient_clean_finite,,False,True
4.0,20.0,insufficient_clean_finite,,False,True
