n_k,inv_n_k,theta_index,u_index,theta_deg,u_D_meV,trial_interpolation,branch_label,source_branch,cG,clean,selection_kind,chern_hf_vpplus_band_0,vpplus_band0_chern_rounded,vp_plus_direct_gap,vp_minus_direct_gap,vp_plus_clean,vp_minus_clean,unstable_rank,cG_all_intercept,cG_all_slope,cG_all_rmse,n_C1,n_C0,fit_cG
18,0.0555555555555555,21,12,3.05,6.0,linear_interaction,lowest_energy_clean,u_D_down,-0.0161688475456859,True,clean,0.9999999999999996,1,4.635943875534132,4.635945064096219,True,True,1,0.0211349360797571,-0.347738250325229,0.0167984309751311,3,4,0.001816144395022156
19,0.0526315789473684,21,12,3.05,6.0,linear_interaction,lowest_energy_clean,theta_up,0.0184412701537412,True,clean,-2.208718528794109e-17,0,8.386842833371524,8.386842427845195,True,True,1,0.0211349360797571,-0.347738250325229,0.0167984309751311,3,4,0.002832922904745048
20,0.05,21,12,3.05,6.0,linear_interaction,lowest_energy_clean,u_D_down,0.0186872227617353,True,clean,-2.6504622345529306e-17,0,8.338603734423046,8.338603280937903,True,True,1,0.0211349360797571,-0.347738250325229,0.0167984309751311,3,4,0.0037480235634956525
21,0.0476190476190476,21,12,3.05,6.0,linear_interaction,lowest_energy_clean,u_D_down,-0.0161668260322738,True,clean,1.0000000000000004,1,4.006091959947078,4.006093852320902,True,True,1,0.0211349360797571,-0.347738250325229,0.0167984309751311,3,4,0.0045759717785557215
22,0.0454545454545454,21,12,3.05,6.0,linear_interaction,lowest_energy_clean,theta_up,0.0193521242531425,True,clean,-1.5902773407317583e-16,0,7.920461323740412,7.920460873377088,True,True,1,0.0211349360797571,-0.347738250325229,0.0167984309751311,3,4,0.005328651974064874
23,0.0434782608695652,21,12,3.05,6.0,linear_interaction,lowest_energy_clean,theta_up,0.0195420295818234,True,clean,-4.693526873687482e-17,0,7.887019747512369,7.887019251615989,True,True,1,0.0211349360797571,-0.347738250325229,0.0167984309751311,3,4,0.006015881717790623
24,0.0416666666666666,21,12,3.05,6.0,linear_interaction,lowest_energy_clean,theta_up,-0.0127235345226025,True,clean,1.0,1,3.4808539985457116,3.4808572698807367,True,True,1,0.0211349360797571,-0.347738250325229,0.0167984309751311,3,4,0.006645842316205892
18,0.0555555555555555,32,18,3.6,9.0,linear_interaction,lowest_energy_clean,u_D_down,-0.0162175781720324,True,clean,1.0000000000000002,1,5.148813550607656,5.148813666550012,True,True,2,0.0249732945847449,-0.4294327910799244,0.015850961791753,3,4,0.001115917302526876
19,0.0526315789473684,32,18,3.6,9.0,linear_interaction,lowest_energy_clean,theta_down,0.0167042394239345,True,clean,-2.03202104649058e-16,0,8.32586714773366,8.32586705634629,True,True,2,0.0249732945847449,-0.4294327910799244,0.015850961791753,3,4,0.00237156873843309
20,0.05,32,18,3.6,9.0,linear_interaction,lowest_energy_clean,u_D_down,0.0166219379503071,True,clean,1.8884543421189631e-16,0,8.294292165631902,8.294292063530307,True,True,2,0.0249732945847449,-0.4294327910799244,0.015850961791753,3,4,0.0035016550307486807
21,0.0476190476190476,32,18,3.6,9.0,linear_interaction,lowest_energy_clean,theta_up,-0.0128053189933851,True,clean,1.0000000000000002,1,4.4867648479542055,4.486765002161292,True,True,2,0.0249732945847449,-0.4294327910799244,0.015850961791753,3,4,0.004524114057129453
22,0.0454545454545454,32,18,3.6,9.0,linear_interaction,lowest_energy_clean,theta_up,0.0195418470463351,True,clean,-2.5400263081132254e-16,0,7.49606460602935,7.496064500250917,True,True,2,0.0249732945847449,-0.4294327910799244,0.015850961791753,3,4,0.005453622262930155
23,0.0434782608695652,32,18,3.6,9.0,linear_interaction,lowest_energy_clean,theta_up,0.0195711274711725,True,clean,-2.8161161242124886e-16,0,7.467632303586754,7.467632185483573,True,True,2,0.0249732945847449,-0.4294327910799244,0.015850961791753,3,4,0.0063023036682264486
24,0.0416666666666666,32,18,3.6,9.0,linear_interaction,lowest_energy_clean,theta_down,-0.0130668120432554,True,clean,1.0,1,4.066871374051267,4.066871569970694,True,True,2,0.0249732945847449,-0.4294327910799244,0.015850961791753,3,4,0.0070802616230813825
18,0.0555555555555555,30,17,3.5,8.5,linear_interaction,lowest_energy_clean,u_D_down,-0.0090352564652417,True,clean,0.9999999999999996,1,4.08289209135954,4.082892276053897,True,True,3,0.04076519539725,-0.6407065164601096,0.0123560136909668,3,4,0.005170388927243912
19,0.0526315789473684,30,17,3.5,8.5,linear_interaction,lowest_energy_clean,theta_down,0.0196753582614905,True,clean,7.730514850779382e-18,0,8.79826468836496,8.798264589707884,True,True,3,0.04076519539725,-0.6407065164601096,0.0123560136909668,3,4,0.007043799794086342
20,0.05,30,17,3.5,8.5,linear_interaction,lowest_energy_clean,theta_down,0.0199021980816688,True,clean,1.1043592643970545e-18,0,8.765740727507051,8.765740615718002,True,True,3,0.04076519539725,-0.6407065164601096,0.0123560136909668,3,4,0.008729869574244521
21,0.0476190476190476,30,17,3.5,8.5,linear_interaction,lowest_energy_clean,u_D_down,-0.0045355143233089,True,clean,0.9999999999999992,1,3.162504730210003,3.162504993602788,True,True,3,0.04076519539725,-0.6407065164601096,0.0123560136909668,3,4,0.010255361280101925
22,0.0454545454545454,30,17,3.5,8.5,linear_interaction,lowest_energy_clean,u_D_down,0.0215720554330215,True,clean,-1.0933156717530837e-16,0,8.083492959404424,8.083492847063333,True,True,3,0.04076519539725,-0.6407065164601096,0.0123560136909668,3,4,0.011642171921790474
23,0.0434782608695652,30,17,3.5,8.5,linear_interaction,lowest_energy_clean,theta_up,0.0218075651005917,True,clean,-9.497489673814667e-17,0,8.060826063201226,8.060825937578379,True,True,3,0.04076519539725,-0.6407065164601096,0.0123560136909668,3,4,0.012908390333766975
24,0.0416666666666666,30,17,3.5,8.5,linear_interaction,lowest_energy_clean,u_D_down,0.0004326662877584,True,clean,0.9999999999999996,1,2.3977983377754057,2.3977987087744737,True,True,3,0.04076519539725,-0.6407065164601096,0.0123560136909668,3,4,0.014069090544745436
18,0.0555555555555555,39,22,3.95,11.0,linear_interaction,lowest_energy_clean,theta_down,-0.0159366929239035,True,clean,0.9999999999999994,1,5.170663223453488,5.170663254971217,True,True,4,0.0230734006501745,-0.4648945779914891,0.0117900756089068,3,4,-0.00275407590490823
19,0.0526315789473684,39,22,3.95,11.0,linear_interaction,lowest_energy_clean,theta_down,0.009581744177396,True,clean,-3.622298387222338e-16,0,8.997353581829827,8.997353564666504,True,True,4,0.0230734006501745,-0.4648945779914891,0.0117900756089068,3,4,-0.0013947350335880848
20,0.05,39,22,3.95,11.0,linear_interaction,lowest_energy_clean,theta_up,0.0090959881641735,True,clean,9.055745968055848e-17,0,9.095121169427806,9.095121151392,True,True,4,0.0230734006501745,-0.4648945779914891,0.0117900756089068,3,4,-0.0001713282493999574
21,0.0476190476190476,39,22,3.95,11.0,linear_interaction,lowest_energy_clean,theta_down,-0.0113774777146728,True,clean,1.0000000000000002,1,4.3541411122538065,4.354141152960956,True,True,4,0.0230734006501745,-0.4648945779914891,0.0117900756089068,3,4,0.0009355636029607338
22,0.0454545454545454,39,22,3.95,11.0,linear_interaction,lowest_energy_clean,theta_up,0.0129493150534309,True,clean,-2.8492469021444e-16,0,7.827991842558767,7.827991816115699,True,True,4,0.0230734006501745,-0.4648945779914891,0.0117900756089068,3,4,0.0019418289232886292
23,0.0434782608695652,39,22,3.95,11.0,linear_interaction,lowest_energy_clean,theta_down,0.0123025661302472,True,clean,-1.8884543421189631e-16,0,7.899529455623963,7.899529428875894,True,True,4,0.0230734006501745,-0.4648945779914891,0.0117900756089068,3,4,0.0028605929114141025
24,0.0416666666666666,39,22,3.95,11.0,linear_interaction,lowest_energy_clean,theta_up,-0.0114948034030414,True,clean,1.000000000000001,1,3.8277729591344496,3.8277730094678977,True,True,4,0.0230734006501745,-0.4648945779914891,0.0117900756089068,3,4,0.003702793233862453
18,0.0555555555555555,37,21,3.85,10.5,linear_interaction,lowest_energy_clean,theta_down,-0.0070516574808458,True,clean,1.0000000000000004,1,4.119658678636803,4.119658725286051,True,True,5,0.0374181073111198,-0.5655204367239755,0.0113770326543143,3,4,0.0060003052708989466
19,0.0526315789473684,37,21,3.85,10.5,linear_interaction,lowest_energy_clean,theta_down,0.01867879309669,True,clean,4.638308910467629e-17,0,9.311842478126517,9.311842447494511,True,True,5,0.0374181073111198,-0.5655204367239755,0.0113770326543143,3,4,0.00765387379933162
20,0.05,37,21,3.85,10.5,linear_interaction,lowest_energy_clean,theta_up,0.0185514450130977,True,clean,1.5461029701558764e-17,0,9.343433317904667,9.34343328354364,True,True,5,0.0374181073111198,-0.5655204367239755,0.0113770326543143,3,4,0.00914208547492103
21,0.0476190476190476,37,21,3.85,10.5,linear_interaction,lowest_energy_clean,theta_down,-0.001600488712136,True,clean,0.9999999999999994,1,3.1356686887437633,3.135668750520537,True,True,5,0.0374181073111198,-0.5655204367239755,0.0113770326543143,3,4,0.010488562705216208
22,0.0454545454545454,37,21,3.85,10.5,linear_interaction,lowest_energy_clean,theta_up,0.0217030123424812,True,clean,2.9375956432961653e-16,0,8.354297076100934,8.354297039403072,True,True,5,0.0374181073111198,-0.5655204367239755,0.0113770326543143,3,4,0.011712632914575465
23,0.0434782608695652,37,21,3.85,10.5,linear_interaction,lowest_energy_clean,theta_down,0.0217146752046801,True,clean,-5.742668174864683e-17,0,8.376854468675802,8.376854427672697,True,True,5,0.0374181073111198,-0.5655204367239755,0.0113770326543143,3,4,0.012830262236164347
24,0.0416666666666666,37,21,3.85,10.5,linear_interaction,lowest_energy_clean,u_D_down,-0.0003133012819052,True,clean,1.0000000000000009,1,2.4054768992930065,2.4054769780666376,True,True,5,0.0374181073111198,-0.5655204367239755,0.0113770326543143,3,4,0.013854755780954159
18,0.0555555555555555,19,11,2.95,5.5,linear_interaction,lowest_energy_clean,theta_up,-0.0086276343937322,True,clean,1.0,1,2.874786975485712,2.874789889040777,True,True,6,0.0827518637975784,-1.4151855777551796,0.0069484747283194,1,6,0.004130442811179538
19,0.0526315789473684,19,11,2.95,5.5,linear_interaction,lowest_energy_clean,theta_up,0.0181124996916924,True,clean,-1.435667043716171e-17,0,8.69879029760331,8.698789787572032,True,True,6,0.0827518637975784,-1.4151855777551796,0.0069484747283194,1,6,0.008268412336779468
20,0.05,19,11,2.95,5.5,linear_interaction,lowest_energy_clean,theta_up,0.0183111667600968,True,clean,-4.85918076334704e-17,0,8.65635521546416,8.656354647367372,True,True,6,0.0827518637975784,-1.4151855777551796,0.0069484747283194,1,6,0.011992584909819415
21,0.0476190476190476,19,11,2.95,5.5,linear_interaction,lowest_energy_clean,theta_down,0.0186471895701506,True,clean,-2.0375428428125655e-16,0,7.0494793662505515,7.049478755655265,True,True,6,0.0827518637975784,-1.4151855777551796,0.0069484747283194,1,6,0.015362074380665086
22,0.0454545454545454,19,11,2.95,5.5,linear_interaction,lowest_energy_clean,u_D_down,0.018756564630048,True,clean,-1.1706208202608776e-16,0,8.301538303468526,8.301537741634256,True,True,6,0.0827518637975784,-1.4151855777551796,0.0069484747283194,1,6,0.018425246626888422
23,0.0434782608695652,19,11,2.95,5.5,linear_interaction,lowest_energy_clean,u_D_down,0.0188991650721162,True,clean,1.380449080496318e-16,0,8.272485011678604,8.272484395426666,True,True,6,0.0827518637975784,-1.4151855777551796,0.0069484747283194,1,6,0.021222056069092332
24,0.0416666666666666,19,11,2.95,5.5,linear_interaction,lowest_energy_clean,theta_down,0.0190876638618328,True,clean,2.4240685853515344e-16,0,7.007411680508582,7.007411029680043,True,True,6,0.0827518637975784,-1.4151855777551796,0.0069484747283194,1,6,0.02378579805777925
18,0.0555555555555555,35,20,3.75,10.0,linear_interaction,lowest_energy_clean,theta_down,-0.0032208902256928,True,clean,1.0,1,2.964927141348369,2.964927210373247,True,True,7,0.0933839635003395,-1.5358535065675,0.0061825417691505,1,6,0.008058768691033946
19,0.0526315789473684,35,20,3.75,10.0,linear_interaction,lowest_energy_clean,u_D_down,0.0213069856558909,True,clean,1.236882376124701e-16,0,9.673539394360091,9.67353935570992,True,True,7,0.0933839635003395,-1.5358535065675,0.0061825417691505,1,6,0.012549568417839496
20,0.05,35,20,3.75,10.0,linear_interaction,lowest_energy_clean,theta_up,0.021478087690007,True,clean,1.7669748230352872e-16,0,9.683932477556368,9.683932433533442,True,True,7,0.0933839635003395,-1.5358535065675,0.0061825417691505,1,6,0.016591288171964508
21,0.0476190476190476,35,20,3.75,10.0,linear_interaction,lowest_energy_clean,theta_up,0.0244678409105779,True,clean,5.190488542666156e-17,0,6.186226937642168,6.18622688719887,True,True,7,0.0933839635003395,-1.5358535065675,0.0061825417691505,1,6,0.020248082235220455
22,0.0454545454545454,35,20,3.75,10.0,linear_interaction,lowest_energy_clean,theta_down,0.023553222105848,True,clean,-1.1927080055488187e-16,0,8.842917611784692,8.842917567088548,True,True,7,0.0933839635003395,-1.5358535065675,0.0061825417691505,1,6,0.023572440474544043
23,0.0434782608695652,35,20,3.75,10.0,linear_interaction,lowest_energy_clean,theta_up,0.02377567370449,True,clean,5.853104101304388e-17,0,8.854056872737829,8.854056822460123,True,True,7,0.0933839635003395,-1.5358535065675,0.0061825417691505,1,6,0.02660772408436124
24,0.0416666666666666,35,20,3.75,10.0,linear_interaction,lowest_energy_clean,u_D_down,0.0256570196272041,True,clean,-2.5510699007571957e-16,0,5.955769723531851,5.955769665700146,True,True,7,0.0933839635003395,-1.5358535065675,0.0061825417691505,1,6,0.029390067393360336
18,0.0555555555555555,28,16,3.4000000000000004,8.0,linear_interaction,lowest_energy_clean,u_D_down,-0.00204690797479,True,clean,1.0000000000000004,1,2.773725256796361,2.773725554876336,True,True,8,0.0803303396456398,-1.2939250308675885,0.0057185879686927,1,6,0.008445615708551554
19,0.0526315789473684,28,16,3.4000000000000004,8.0,linear_interaction,lowest_energy_clean,theta_down,0.0203390930086947,True,clean,-1.2700131540566127e-16,0,9.177832975386323,9.177832854992452,True,True,8,0.0803303396456398,-1.2939250308675885,0.0057185879686927,1,6,0.012229022231556197
20,0.05,28,16,3.4000000000000004,8.0,linear_interaction,lowest_energy_clean,theta_down,0.0206177927672778,True,clean,1.6565388965955818e-17,0,9.146859004981856,9.146858868637873,True,True,8,0.0803303396456398,-1.2939250308675885,0.0057185879686927,1,6,0.015634088102260385
21,0.0476190476190476,28,16,3.4000000000000004,8.0,linear_interaction,lowest_energy_clean,u_D_down,0.0217959550057046,True,clean,-2.0982826023544033e-17,0,6.582722298920068,6.582722147613595,True,True,8,0.0803303396456398,-1.2939250308675885,0.0057185879686927,1,6,0.01871486198527845
22,0.0454545454545454,28,16,3.4000000000000004,8.0,linear_interaction,lowest_energy_clean,u_D_down,0.0217165256909349,True,clean,-1.0601848938211721e-16,0,8.55751696484949,8.557516829094226,True,True,8,0.0803303396456398,-1.2939250308675885,0.0057185879686927,1,6,0.021515565515294877
23,0.0434782608695652,28,16,3.4000000000000004,8.0,linear_interaction,lowest_energy_clean,theta_down,0.0219593184169338,True,clean,-2.473764752249402e-16,0,8.537189438338523,8.537189286980983,True,True,8,0.0803303396456398,-1.2939250308675885,0.0057185879686927,1,6,0.02407272960791857
24,0.0416666666666666,28,16,3.4000000000000004,8.0,linear_interaction,lowest_energy_clean,theta_up,0.0226469029289285,True,clean,-2.3854160110976374e-16,0,6.455972933034531,6.455972765100682,True,True,8,0.0803303396456398,-1.2939250308675885,0.0057185879686927,1,6,0.026416796692823617
18,0.0555555555555555,40,23,4.0,11.5,linear_interaction,lowest_energy_clean,u_D_down,-7.767096929935601e-05,True,clean,1.0000000000000009,1,2.8458130387174023,2.8458130640603656,True,True,9,0.0944537916037584,-1.5238368635419663,0.0055100845763006,1,6,0.009796188073649154
19,0.0526315789473684,40,23,4.0,11.5,linear_interaction,lowest_energy_clean,theta_down,0.0219787556360365,True,clean,-3.2026418667514573e-16,0,10.318581480378128,10.318581464090968,True,True,9,0.0944537916037584,-1.5238368635419663,0.0055100845763006,1,6,0.014251851417339118
20,0.05,40,23,4.0,11.5,linear_interaction,lowest_energy_clean,theta_down,0.0219617575622665,True,clean,-1.8111491936111696e-16,0,10.39239279540369,10.39239277687511,True,True,9,0.0944537916037584,-1.5238368635419663,0.0055100845763006,1,6,0.018261948426660082
21,0.0476190476190476,40,23,4.0,11.5,linear_interaction,lowest_energy_clean,u_D_down,0.0267077261667415,True,clean,-9.276617820935258e-17,0,6.185229376144562,6.185229353337647,True,True,9,0.0944537916037584,-1.5238368635419663,0.0055100845763006,1,6,0.02189013143509333
22,0.0454545454545454,40,23,4.0,11.5,linear_interaction,lowest_energy_clean,theta_up,0.0248575005470493,True,clean,1.9436723053388158e-16,0,9.334396510576353,9.334396491328874,True,True,9,0.0944537916037584,-1.5238368635419663,0.0055100845763006,1,6,0.02518847962457811
23,0.0434782608695652,40,23,4.0,11.5,linear_interaction,lowest_energy_clean,theta_up,0.0249751817481313,True,clean,1.3252311172764654e-16,0,9.39318358127714,9.393183559578656,True,True,9,0.0944537916037584,-1.5238368635419663,0.0055100845763006,1,6,0.02820001492802074
24,0.0416666666666666,40,23,4.0,11.5,linear_interaction,lowest_energy_clean,theta_down,0.0281459521705923,True,clean,-1.0380977085332311e-16,0,5.89353860069297,5.893538574674224,True,True,9,0.0944537916037584,-1.5238368635419663,0.0055100845763006,1,6,0.03096058895617647
